unidade,data,atendimento
ANJO DA GUARDA,2023-01-02,97
ANJO DA GUARDA,2023-01-03,111
ANJO DA GUARDA,2023-01-04,83
ANJO DA GUARDA,2023-01-05,96
ANJO DA GUARDA,2023-01-06,102
ANJO DA GUARDA,2023-01-09,132
ANJO DA GUARDA,2023-01-10,113
ANJO DA GUARDA,2023-01-11,103
ANJO DA GUARDA,2023-01-12,117
ANJO DA GUARDA,2023-01-13,84
ANJO DA GUARDA,2023-01-16,119
ANJO DA GUARDA,2023-01-17,90
ANJO DA GUARDA,2023-01-18,92
ANJO DA GUARDA,2023-01-19,53
ANJO DA GUARDA,2023-01-20,89
ANJO DA GUARDA,2023-01-23,95
ANJO DA GUARDA,2023-01-24,67
ANJO DA GUARDA,2023-01-25,64
ANJO DA GUARDA,2023-01-26,145
ANJO DA GUARDA,2023-01-27,93
ANJO DA GUARDA,2023-01-30,81
ANJO DA GUARDA,2023-01-31,174
ANJO DA GUARDA,2023-02-01,112
ANJO DA GUARDA,2023-02-02,66
ANJO DA GUARDA,2023-02-03,104
ANJO DA GUARDA,2023-02-06,149
ANJO DA GUARDA,2023-02-07,100
ANJO DA GUARDA,2023-02-08,152
ANJO DA GUARDA,2023-02-09,111
ANJO DA GUARDA,2023-02-10,95
ANJO DA GUARDA,2023-02-13,125
ANJO DA GUARDA,2023-02-14,136
ANJO DA GUARDA,2023-02-15,100
ANJO DA GUARDA,2023-02-16,71
ANJO DA GUARDA,2023-02-17,88
ANJO DA GUARDA,2023-02-22,27
ANJO DA GUARDA,2023-02-23,76
ANJO DA GUARDA,2023-02-24,117
ANJO DA GUARDA,2023-02-27,175
ANJO DA GUARDA,2023-02-28,152
ANJO DA GUARDA,2023-03-01,124
ANJO DA GUARDA,2023-03-02,96
ANJO DA GUARDA,2023-03-03,95
ANJO DA GUARDA,2023-03-06,160
ANJO DA GUARDA,2023-03-07,196
ANJO DA GUARDA,2023-03-08,144
ANJO DA GUARDA,2023-03-09,86
ANJO DA GUARDA,2023-03-10,94
ANJO DA GUARDA,2023-03-13,131
ANJO DA GUARDA,2023-03-14,107
ANJO DA GUARDA,2023-03-15,103
ANJO DA GUARDA,2023-03-16,129
ANJO DA GUARDA,2023-03-17,91
ANJO DA GUARDA,2023-03-20,64
ANJO DA GUARDA,2023-03-21,99
ANJO DA GUARDA,2023-03-22,111
ANJO DA GUARDA,2023-03-23,89
ANJO DA GUARDA,2023-03-24,112
ANJO DA GUARDA,2023-03-27,109
ANJO DA GUARDA,2023-03-28,57
ANJO DA GUARDA,2023-03-29,90
ANJO DA GUARDA,2023-03-30,126
ANJO DA GUARDA,2023-03-31,97
ANJO DA GUARDA,2023-04-03,162
ANJO DA GUARDA,2023-04-04,117
ANJO DA GUARDA,2023-04-05,84
ANJO DA GUARDA,2023-04-06,58
ANJO DA GUARDA,2023-04-10,151
ANJO DA GUARDA,2023-04-11,126
ANJO DA GUARDA,2023-04-12,115
ANJO DA GUARDA,2023-04-13,112
ANJO DA GUARDA,2023-04-14,76
ANJO DA GUARDA,2023-04-17,148
ANJO DA GUARDA,2023-04-18,159
ANJO DA GUARDA,2023-04-19,113
ANJO DA GUARDA,2023-04-20,110
ANJO DA GUARDA,2023-04-24,139
ANJO DA GUARDA,2023-04-25,111
ANJO DA GUARDA,2023-04-26,112
ANJO DA GUARDA,2023-04-27,62
ANJO DA GUARDA,2023-04-28,135
ANJO DA GUARDA,2023-05-02,153
ANJO DA GUARDA,2023-05-03,161
ANJO DA GUARDA,2023-05-04,135
ANJO DA GUARDA,2023-05-05,127
ANJO DA GUARDA,2023-05-08,176
ANJO DA GUARDA,2023-05-09,160
ANJO DA GUARDA,2023-05-10,132
ANJO DA GUARDA,2023-05-11,105
ANJO DA GUARDA,2023-05-12,89
ANJO DA GUARDA,2023-05-15,136
ANJO DA GUARDA,2023-05-16,122
ANJO DA GUARDA,2023-05-17,115
ANJO DA GUARDA,2023-05-18,117
ANJO DA GUARDA,2023-05-19,76
ANJO DA GUARDA,2023-05-22,128
ANJO DA GUARDA,2023-05-23,104
ANJO DA GUARDA,2023-05-24,63
ANJO DA GUARDA,2023-05-25,101
ANJO DA GUARDA,2023-05-26,106
ANJO DA GUARDA,2023-05-29,181
ANJO DA GUARDA,2023-05-30,138
ANJO DA GUARDA,2023-05-31,142
ANJO DA GUARDA,2023-06-01,107
ANJO DA GUARDA,2023-06-02,97
ANJO DA GUARDA,2023-06-05,122
ANJO DA GUARDA,2023-06-06,126
ANJO DA GUARDA,2023-06-07,123
ANJO DA GUARDA,2023-06-08,35
ANJO DA GUARDA,2023-06-09,124
ANJO DA GUARDA,2023-06-12,138
ANJO DA GUARDA,2023-06-13,121
ANJO DA GUARDA,2023-06-14,123
ANJO DA GUARDA,2023-06-15,128
ANJO DA GUARDA,2023-06-16,84
ANJO DA GUARDA,2023-06-19,107
ANJO DA GUARDA,2023-06-20,126
ANJO DA GUARDA,2023-06-21,93
ANJO DA GUARDA,2023-06-22,81
ANJO DA GUARDA,2023-06-23,79
ANJO DA GUARDA,2023-06-26,155
ANJO DA GUARDA,2023-06-27,130
ANJO DA GUARDA,2023-06-28,126
ANJO DA GUARDA,2023-06-30,84
ANJO DA GUARDA,2023-07-03,178
ANJO DA GUARDA,2023-07-04,144
ANJO DA GUARDA,2023-07-05,140
ANJO DA GUARDA,2023-07-06,127
ANJO DA GUARDA,2023-07-07,106
ANJO DA GUARDA,2023-07-10,186
ANJO DA GUARDA,2023-07-11,168
ANJO DA GUARDA,2023-07-12,114
ANJO DA GUARDA,2023-07-13,134
ANJO DA GUARDA,2023-07-14,102
ANJO DA GUARDA,2023-07-17,149
ANJO DA GUARDA,2023-07-18,103
ANJO DA GUARDA,2023-07-19,117
ANJO DA GUARDA,2023-07-21,142
ANJO DA GUARDA,2023-07-24,106
ANJO DA GUARDA,2023-07-25,137
ANJO DA GUARDA,2023-07-26,140
ANJO DA GUARDA,2023-07-27,119
ANJO DA GUARDA,2023-07-31,188
ANJO DA GUARDA,2023-08-01,159
ANJO DA GUARDA,2023-08-02,161
ANJO DA GUARDA,2023-08-03,119
ANJO DA GUARDA,2023-08-04,93
ANJO DA GUARDA,2023-08-07,169
ANJO DA GUARDA,2023-08-08,164
ANJO DA GUARDA,2023-08-09,118
ANJO DA GUARDA,2023-08-10,135
ANJO DA GUARDA,2023-08-11,74
ANJO DA GUARDA,2023-08-14,150
ANJO DA GUARDA,2023-08-15,12
ANJO DA GUARDA,2023-08-16,151
ANJO DA GUARDA,2023-08-17,107
ANJO DA GUARDA,2023-08-18,93
ANJO DA GUARDA,2023-08-21,86
ANJO DA GUARDA,2023-08-22,102
ANJO DA GUARDA,2023-08-23,107
ANJO DA GUARDA,2023-08-24,88
ANJO DA GUARDA,2023-08-25,124
ANJO DA GUARDA,2023-08-28,165
ANJO DA GUARDA,2023-08-29,137
ANJO DA GUARDA,2023-08-30,152
ANJO DA GUARDA,2023-08-31,113
ANJO DA GUARDA,2023-09-01,135
ANJO DA GUARDA,2023-09-04,204
ANJO DA GUARDA,2023-09-05,160
ANJO DA GUARDA,2023-09-06,121
ANJO DA GUARDA,2023-09-11,181
ANJO DA GUARDA,2023-09-12,178
ANJO DA GUARDA,2023-09-13,193
ANJO DA GUARDA,2023-09-14,166
ANJO DA GUARDA,2023-09-15,99
ANJO DA GUARDA,2023-09-18,175
ANJO DA GUARDA,2023-09-19,114
ANJO DA GUARDA,2023-09-20,101
ANJO DA GUARDA,2023-09-21,125
ANJO DA GUARDA,2023-09-22,92
ANJO DA GUARDA,2023-09-25,112
ANJO DA GUARDA,2023-09-26,205
ANJO DA GUARDA,2023-09-27,214
ANJO DA GUARDA,2023-09-28,166
ANJO DA GUARDA,2023-09-29,139
ANJO DA GUARDA,2023-10-02,202
ANJO DA GUARDA,2023-10-03,202
ANJO DA GUARDA,2023-10-04,154
ANJO DA GUARDA,2023-10-05,162
ANJO DA GUARDA,2023-10-06,142
ANJO DA GUARDA,2023-10-09,152
ANJO DA GUARDA,2023-10-10,153
ANJO DA GUARDA,2023-10-11,127
ANJO DA GUARDA,2023-10-13,116
ANJO DA GUARDA,2023-10-16,163
ANJO DA GUARDA,2023-10-17,145
ANJO DA GUARDA,2023-10-18,131
ANJO DA GUARDA,2023-10-19,126
ANJO DA GUARDA,2023-10-20,95
ANJO DA GUARDA,2023-10-23,89
ANJO DA GUARDA,2023-10-24,123
ANJO DA GUARDA,2023-10-25,149
ANJO DA GUARDA,2023-10-26,169
ANJO DA GUARDA,2023-10-27,158
ANJO DA GUARDA,2023-10-30,172
ANJO DA GUARDA,2023-10-31,188
ANJO DA GUARDA,2023-11-01,151
ANJO DA GUARDA,2023-11-03,125
ANJO DA GUARDA,2023-11-06,230
ANJO DA GUARDA,2023-11-07,179
ANJO DA GUARDA,2023-11-08,189
ANJO DA GUARDA,2023-11-09,128
ANJO DA GUARDA,2023-11-10,125
ANJO DA GUARDA,2023-11-13,190
ANJO DA GUARDA,2023-11-14,136
ANJO DA GUARDA,2023-11-16,136
ANJO DA GUARDA,2023-11-17,115
ANJO DA GUARDA,2023-11-20,140
ANJO DA GUARDA,2023-11-21,115
ANJO DA GUARDA,2023-11-22,107
ANJO DA GUARDA,2023-11-23,87
ANJO DA GUARDA,2023-11-24,82
ANJO DA GUARDA,2023-11-27,188
ANJO DA GUARDA,2023-11-28,174
ANJO DA GUARDA,2023-11-29,158
ANJO DA GUARDA,2023-11-30,178
ANJO DA GUARDA,2023-12-01,125
ANJO DA GUARDA,2023-12-04,184
ANJO DA GUARDA,2023-12-05,135
ANJO DA GUARDA,2023-12-06,152
ANJO DA GUARDA,2023-12-07,150
ANJO DA GUARDA,2023-12-11,200
ANJO DA GUARDA,2023-12-12,187
ANJO DA GUARDA,2023-12-13,145
ANJO DA GUARDA,2023-12-14,89
ANJO DA GUARDA,2023-12-15,152
ANJO DA GUARDA,2023-12-18,165
ANJO DA GUARDA,2023-12-19,85
ANJO DA GUARDA,2023-12-20,123
ANJO DA GUARDA,2023-12-21,83
ANJO DA GUARDA,2023-12-22,92
ANJO DA GUARDA,2023-12-26,88
ANJO DA GUARDA,2023-12-27,138
ANJO DA GUARDA,2023-12-28,151
ANJO DA GUARDA,2023-12-29,179
ANJO DA GUARDA,2024-01-02,218
ANJO DA GUARDA,2024-01-03,221
ANJO DA GUARDA,2024-01-04,174
ANJO DA GUARDA,2024-01-05,196
ANJO DA GUARDA,2024-01-08,241
ANJO DA GUARDA,2024-01-09,246
ANJO DA GUARDA,2024-01-10,155
ANJO DA GUARDA,2024-01-11,187
ANJO DA GUARDA,2024-01-12,97
ANJO DA GUARDA,2024-01-15,187
ANJO DA GUARDA,2024-01-16,167
ANJO DA GUARDA,2024-01-17,148
ANJO DA GUARDA,2024-01-18,156
ANJO DA GUARDA,2024-01-19,109
ANJO DA GUARDA,2024-01-22,138
ANJO DA GUARDA,2024-01-23,103
ANJO DA GUARDA,2024-01-24,135
ANJO DA GUARDA,2024-01-25,147
ANJO DA GUARDA,2024-01-26,174
ANJO DA GUARDA,2024-01-29,242
ANJO DA GUARDA,2024-01-30,217
ANJO DA GUARDA,2024-01-31,162
ANJO DA GUARDA,2024-02-01,140
ANJO DA GUARDA,2024-02-02,104
ANJO DA GUARDA,2024-02-05,145
ANJO DA GUARDA,2024-02-06,125
ANJO DA GUARDA,2024-02-07,99
ANJO DA GUARDA,2024-02-08,113
ANJO DA GUARDA,2024-02-09,91
ANJO DA GUARDA,2024-02-14,61
ANJO DA GUARDA,2024-02-15,141
ANJO DA GUARDA,2024-02-16,115
ANJO DA GUARDA,2024-02-19,157
ANJO DA GUARDA,2024-02-20,113
ANJO DA GUARDA,2024-02-21,91
ANJO DA GUARDA,2024-02-22,79
ANJO DA GUARDA,2024-02-23,103
ANJO DA GUARDA,2024-02-26,138
ANJO DA GUARDA,2024-02-27,147
ANJO DA GUARDA,2024-02-28,162
ANJO DA GUARDA,2024-02-29,97
ANJO DA GUARDA,2024-03-01,95
ANJO DA GUARDA,2024-03-04,133
ANJO DA GUARDA,2024-03-05,144
ANJO DA GUARDA,2024-03-06,135
ANJO DA GUARDA,2024-03-07,124
ANJO DA GUARDA,2024-03-08,156
ANJO DA GUARDA,2024-03-11,171
ANJO DA GUARDA,2024-03-12,147
ANJO DA GUARDA,2024-03-13,133
ANJO DA GUARDA,2024-03-14,109
ANJO DA GUARDA,2024-03-15,106
ANJO DA GUARDA,2024-03-18,148
ANJO DA GUARDA,2024-03-19,132
ANJO DA GUARDA,2024-03-20,123
ANJO DA GUARDA,2024-03-21,84
ANJO DA GUARDA,2024-03-22,95
ANJO DA GUARDA,2024-03-25,157
ANJO DA GUARDA,2024-03-26,111
ANJO DA GUARDA,2024-03-27,121
ANJO DA GUARDA,2024-03-28,84
ANJO DA GUARDA,2024-04-01,199
ANJO DA GUARDA,2024-04-02,132
ANJO DA GUARDA,2024-04-03,115
ANJO DA GUARDA,2024-04-04,139
ANJO DA GUARDA,2024-04-05,119
ANJO DA GUARDA,2024-04-08,173
ANJO DA GUARDA,2024-04-09,138
ANJO DA GUARDA,2024-04-10,139
ANJO DA GUARDA,2024-04-11,96
ANJO DA GUARDA,2024-04-12,110
ANJO DA GUARDA,2024-04-15,148
ANJO DA GUARDA,2024-04-16,117
ANJO DA GUARDA,2024-04-17,118
ANJO DA GUARDA,2024-04-18,96
ANJO DA GUARDA,2024-04-19,93
ANJO DA GUARDA,2024-04-22,124
ANJO DA GUARDA,2024-04-23,115
ANJO DA GUARDA,2024-04-24,65
ANJO DA GUARDA,2024-04-25,170
ANJO DA GUARDA,2024-04-26,139
ANJO DA GUARDA,2024-04-29,211
ANJO DA GUARDA,2024-04-30,152
ANJO DA GUARDA,2024-05-02,154
ANJO DA GUARDA,2024-05-03,128
ANJO DA GUARDA,2024-05-06,162
ANJO DA GUARDA,2024-05-07,147
ANJO DA GUARDA,2024-05-08,163
ANJO DA GUARDA,2024-05-09,132
ANJO DA GUARDA,2024-05-10,98
ANJO DA GUARDA,2024-05-13,161
ANJO DA GUARDA,2024-05-14,133
ANJO DA GUARDA,2024-05-15,110
ANJO DA GUARDA,2024-05-16,131
ANJO DA GUARDA,2024-05-17,124
ANJO DA GUARDA,2024-05-20,133
ANJO DA GUARDA,2024-05-21,135
ANJO DA GUARDA,2024-05-22,95
ANJO DA GUARDA,2024-05-23,116
ANJO DA GUARDA,2024-05-24,159
ANJO DA GUARDA,2024-05-27,210
ANJO DA GUARDA,2024-05-28,169
ANJO DA GUARDA,2024-05-29,171
ANJO DA GUARDA,2024-05-31,111
ANJO DA GUARDA,2024-06-03,211
ANJO DA GUARDA,2024-06-04,141
ANJO DA GUARDA,2024-06-05,179
ANJO DA GUARDA,2024-06-06,124
ANJO DA GUARDA,2024-06-07,139
ANJO DA GUARDA,2024-06-10,152
ANJO DA GUARDA,2024-06-11,161
ANJO DA GUARDA,2024-06-12,120
ANJO DA GUARDA,2024-06-13,109
ANJO DA GUARDA,2024-06-14,115
ANJO DA GUARDA,2024-06-17,136
ANJO DA GUARDA,2024-06-18,105
ANJO DA GUARDA,2024-06-19,128
ANJO DA GUARDA,2024-06-20,97
ANJO DA GUARDA,2024-06-21,103
ANJO DA GUARDA,2024-06-24,168
ANJO DA GUARDA,2024-06-25,148
ANJO DA GUARDA,2024-06-26,157
ANJO DA GUARDA,2024-06-27,174
ANJO DA GUARDA,2024-06-28,159
ANJO DA GUARDA,2024-07-01,202
ANJO DA GUARDA,2024-07-02,174
ANJO DA GUARDA,2024-07-03,123
ANJO DA GUARDA,2024-07-04,144
ANJO DA GUARDA,2024-07-05,118
ANJO DA GUARDA,2024-07-08,221
ANJO DA GUARDA,2024-07-09,138
ANJO DA GUARDA,2024-07-10,136
ANJO DA GUARDA,2024-07-11,127
ANJO DA GUARDA,2024-07-12,110
ANJO DA GUARDA,2024-07-15,162
ANJO DA GUARDA,2024-07-16,158
ANJO DA GUARDA,2024-07-17,111
ANJO DA GUARDA,2024-07-18,98
ANJO DA GUARDA,2024-07-19,85
ANJO DA GUARDA,2024-07-22,148
ANJO DA GUARDA,2024-07-23,113
ANJO DA GUARDA,2024-07-24,116
ANJO DA GUARDA,2024-07-25,131
ANJO DA GUARDA,2024-07-26,134
ANJO DA GUARDA,2024-07-29,151
ANJO DA GUARDA,2024-07-30,164
ANJO DA GUARDA,2024-07-31,165
ANJO DA GUARDA,2024-08-01,127
ANJO DA GUARDA,2024-08-02,117
ANJO DA GUARDA,2024-08-05,222
ANJO DA GUARDA,2024-08-06,170
ANJO DA GUARDA,2024-08-07,160
ANJO DA GUARDA,2024-08-08,135
ANJO DA GUARDA,2024-08-09,113
ANJO DA GUARDA,2024-08-12,139
ANJO DA GUARDA,2024-08-13,133
ANJO DA GUARDA,2024-08-14,172
ANJO DA GUARDA,2024-08-15,150
ANJO DA GUARDA,2024-08-16,119
ANJO DA GUARDA,2024-08-19,152
ANJO DA GUARDA,2024-08-20,162
ANJO DA GUARDA,2024-08-21,131
ANJO DA GUARDA,2024-08-22,118
ANJO DA GUARDA,2024-08-23,170
ANJO DA GUARDA,2024-08-26,173
ANJO DA GUARDA,2024-08-27,153
ANJO DA GUARDA,2024-08-28,183
ANJO DA GUARDA,2024-08-29,167
ANJO DA GUARDA,2024-08-30,118
ANJO DA GUARDA,2024-09-02,186
ANJO DA GUARDA,2024-09-03,154
ANJO DA GUARDA,2024-09-04,140
ANJO DA GUARDA,2024-09-05,161
ANJO DA GUARDA,2024-09-06,147
ANJO DA GUARDA,2024-09-09,181
ANJO DA GUARDA,2024-09-10,198
ANJO DA GUARDA,2024-09-11,136
ANJO DA GUARDA,2024-09-12,155
ANJO DA GUARDA,2024-09-13,143
ANJO DA GUARDA,2024-09-16,173
ANJO DA GUARDA,2024-09-17,150
ANJO DA GUARDA,2024-09-18,183
ANJO DA GUARDA,2024-09-19,168
ANJO DA GUARDA,2024-09-20,129
ANJO DA GUARDA,2024-09-23,163
ANJO DA GUARDA,2024-09-24,179
ANJO DA GUARDA,2024-09-25,174
ANJO DA GUARDA,2024-09-26,169
ANJO DA GUARDA,2024-09-27,209
ANJO DA GUARDA,2024-09-30,176
ANJO DA GUARDA,2024-10-01,210
ANJO DA GUARDA,2024-10-02,162
ANJO DA GUARDA,2024-10-03,128
ANJO DA GUARDA,2024-10-04,145
ANJO DA GUARDA,2024-10-07,197
ANJO DA GUARDA,2024-10-08,193
ANJO DA GUARDA,2024-10-09,151
ANJO DA GUARDA,2024-10-10,174
ANJO DA GUARDA,2024-10-11,129
ANJO DA GUARDA,2024-10-14,164
ANJO DA GUARDA,2024-10-15,158
ANJO DA GUARDA,2024-10-16,134
ANJO DA GUARDA,2024-10-17,111
ANJO DA GUARDA,2024-10-18,148
ANJO DA GUARDA,2024-10-21,101
ANJO DA GUARDA,2024-10-22,145
ANJO DA GUARDA,2024-10-23,133
ANJO DA GUARDA,2024-10-24,115
ANJO DA GUARDA,2024-10-25,118
ANJO DA GUARDA,2024-10-28,155
ANJO DA GUARDA,2024-10-29,179
ANJO DA GUARDA,2024-10-30,149
ANJO DA GUARDA,2024-10-31,170
ANJO DA GUARDA,2024-11-01,129
ANJO DA GUARDA,2024-11-04,226
ANJO DA GUARDA,2024-11-05,188
ANJO DA GUARDA,2024-11-06,170
ANJO DA GUARDA,2024-11-07,159
ANJO DA GUARDA,2024-11-08,192
ANJO DA GUARDA,2024-11-11,200
ANJO DA GUARDA,2024-11-12,157
ANJO DA GUARDA,2024-11-13,173
ANJO DA GUARDA,2024-11-14,137
ANJO DA GUARDA,2024-11-18,177
ANJO DA GUARDA,2024-11-19,185
ANJO DA GUARDA,2024-11-21,166
ANJO DA GUARDA,2024-11-22,194
ANJO DA GUARDA,2024-11-25,193
ANJO DA GUARDA,2024-11-26,213
ANJO DA GUARDA,2024-11-27,159
ANJO DA GUARDA,2024-11-28,169
ANJO DA GUARDA,2024-11-29,157
ANJO DA GUARDA,2024-12-02,219
ANJO DA GUARDA,2024-12-03,233
ANJO DA GUARDA,2024-12-04,155
ANJO DA GUARDA,2024-12-05,223
ANJO DA GUARDA,2024-12-06,128
ANJO DA GUARDA,2024-12-09,219
ANJO DA GUARDA,2024-12-10,201
ANJO DA GUARDA,2024-12-11,222
ANJO DA GUARDA,2024-12-12,186
ANJO DA GUARDA,2024-12-13,154
ANJO DA GUARDA,2024-12-16,196
ANJO DA GUARDA,2024-12-17,203
ANJO DA GUARDA,2024-12-18,209
ANJO DA GUARDA,2024-12-19,155
ANJO DA GUARDA,2024-12-20,192
ANJO DA GUARDA,2024-12-23,175
ANJO DA GUARDA,2024-12-24,99
ANJO DA GUARDA,2024-12-26,159
ANJO DA GUARDA,2024-12-27,194
ANJO DA GUARDA,2024-12-30,227
ANJO DA GUARDA,2024-12-31,43
ANJO DA GUARDA,2025-01-02,179
ANJO DA GUARDA,2025-01-03,179
ANJO DA GUARDA,2025-01-06,244
ANJO DA GUARDA,2025-01-07,132
ANJO DA GUARDA,2025-01-08,178
ANJO DA GUARDA,2025-01-09,124
ANJO DA GUARDA,2025-01-10,158
ANJO DA GUARDA,2025-01-13,174
ANJO DA GUARDA,2025-01-14,109
ANJO DA GUARDA,2025-01-15,122
ANJO DA GUARDA,2025-01-16,133
ANJO DA GUARDA,2025-01-17,105
ANJO DA GUARDA,2025-01-20,121
ANJO DA GUARDA,2025-01-21,122
ANJO DA GUARDA,2025-01-22,125
ANJO DA GUARDA,2025-01-23,139
ANJO DA GUARDA,2025-01-24,124
ANJO DA GUARDA,2025-01-27,152
ANJO DA GUARDA,2025-01-28,171
ANJO DA GUARDA,2025-01-29,173
ANJO DA GUARDA,2025-01-30,150
ANJO DA GUARDA,2025-01-31,154
ANJO DA GUARDA,2025-02-03,188
ANJO DA GUARDA,2025-02-04,195
ANJO DA GUARDA,2025-02-05,183
ANJO DA GUARDA,2025-02-06,152
ANJO DA GUARDA,2025-02-07,163
ANJO DA GUARDA,2025-02-10,181
ANJO DA GUARDA,2025-02-11,173
ANJO DA GUARDA,2025-02-12,141
ANJO DA GUARDA,2025-02-13,121
ANJO DA GUARDA,2025-02-14,217
ANJO DA GUARDA,2025-02-17,147
ANJO DA GUARDA,2025-02-18,133
ANJO DA GUARDA,2025-02-19,163
ANJO DA GUARDA,2025-02-20,178
ANJO DA GUARDA,2025-02-21,183
ANJO DA GUARDA,2025-02-24,182
ANJO DA GUARDA,2025-02-25,140
ANJO DA GUARDA,2025-02-26,159
ANJO DA GUARDA,2025-02-27,169
ANJO DA GUARDA,2025-02-28,165
ANJO DA GUARDA,2025-03-05,76
ANJO DA GUARDA,2025-03-06,168
ANJO DA GUARDA,2025-03-07,213
ANJO DA GUARDA,2025-03-10,200
ANJO DA GUARDA,2025-03-11,177
ANJO DA GUARDA,2025-03-12,149
ANJO DA GUARDA,2025-03-13,122
ANJO DA GUARDA,2025-03-14,112
ANJO DA GUARDA,2025-03-17,114
ANJO DA GUARDA,2025-03-18,117
ANJO DA GUARDA,2025-03-19,119
ANJO DA GUARDA,2025-03-20,123
ANJO DA GUARDA,2025-03-21,114
ANJO DA GUARDA,2025-03-24,129
ANJO DA GUARDA,2025-03-25,113
ANJO DA GUARDA,2025-03-26,152
ANJO DA GUARDA,2025-03-27,142
ANJO DA GUARDA,2025-03-28,118
ANJO DA GUARDA,2025-03-31,196
ANJO DA GUARDA,2025-04-01,116
ANJO DA GUARDA,2025-04-02,124
ANJO DA GUARDA,2025-04-03,137
ANJO DA GUARDA,2025-04-04,158
ANJO DA GUARDA,2025-04-07,170
ANJO DA GUARDA,2025-04-08,136
ANJO DA GUARDA,2025-04-09,155
ANJO DA GUARDA,2025-04-10,152
ANJO DA GUARDA,2025-04-11,170
ANJO DA GUARDA,2025-04-14,111
ANJO DA GUARDA,2025-04-15,143
ANJO DA GUARDA,2025-04-16,104
ANJO DA GUARDA,2025-04-17,76
ANJO DA GUARDA,2025-04-22,118
ANJO DA GUARDA,2025-04-23,134
ANJO DA GUARDA,2025-04-24,126
ANJO DA GUARDA,2025-04-25,166
ANJO DA GUARDA,2025-04-28,196
ANJO DA GUARDA,2025-04-29,154
ANJO DA GUARDA,2025-04-30,154
ANJO DA GUARDA,2025-05-02,122
ANJO DA GUARDA,2025-05-05,183
ANJO DA GUARDA,2025-05-06,213
ANJO DA GUARDA,2025-05-07,141
ANJO DA GUARDA,2025-05-08,159
ANJO DA GUARDA,2025-05-09,111
ANJO DA GUARDA,2025-05-12,144
ANJO DA GUARDA,2025-05-13,153
ANJO DA GUARDA,2025-05-14,141
ANJO DA GUARDA,2025-05-15,102
ANJO DA GUARDA,2025-05-16,113
ANJO DA GUARDA,2025-05-19,114
ANJO DA GUARDA,2025-05-20,115
ANJO DA GUARDA,2025-05-21,122
ANJO DA GUARDA,2025-05-22,168
ANJO DA GUARDA,2025-05-23,137
ANJO DA GUARDA,2025-05-26,170
ANJO DA GUARDA,2025-05-27,224
ANJO DA GUARDA,2025-05-28,168
ANJO DA GUARDA,2025-05-29,146
ANJO DA GUARDA,2025-05-30,148
ANJO DA GUARDA,2025-06-02,201
ANJO DA GUARDA,2025-06-03,193
ANJO DA GUARDA,2025-06-04,197
ANJO DA GUARDA,2025-06-05,200
ANJO DA GUARDA,2025-06-06,162
ANJO DA GUARDA,2025-06-09,165
ANJO DA GUARDA,2025-06-10,177
ANJO DA GUARDA,2025-06-11,173
ANJO DA GUARDA,2025-06-12,171
ANJO DA GUARDA,2025-06-13,162
ANJO DA GUARDA,2025-06-16,130
ANJO DA GUARDA,2025-06-17,206
ANJO DA GUARDA,2025-06-18,228
ANJO DA GUARDA,2025-06-20,176
ANJO DA GUARDA,2025-06-23,222
ANJO DA GUARDA,2025-06-24,183
ANJO DA GUARDA,2025-06-25,219
ANJO DA GUARDA,2025-06-26,210
ANJO DA GUARDA,2025-06-27,191
ANJO DA GUARDA,2025-06-30,248
ANJO DA GUARDA,2025-07-01,183
ANJO DA GUARDA,2025-07-02,149
ANJO DA GUARDA,2025-07-03,140
ANJO DA GUARDA,2025-07-04,164
ANJO DA GUARDA,2025-07-07,223
ANJO DA GUARDA,2025-07-08,222
ANJO DA GUARDA,2025-07-09,207
ANJO DA GUARDA,2025-07-10,174
ANJO DA GUARDA,2025-07-11,212
ANJO DA GUARDA,2025-07-14,202
ANJO DA GUARDA,2025-07-15,233
ANJO DA GUARDA,2025-07-16,164
ANJO DA GUARDA,2025-07-17,224
ANJO DA GUARDA,2025-07-18,229
ANJO DA GUARDA,2025-07-21,209
ANJO DA GUARDA,2025-07-22,191
ANJO DA GUARDA,2025-07-23,204
ANJO DA GUARDA,2025-07-24,180
ANJO DA GUARDA,2025-07-25,171
ANJO DA GUARDA,2025-07-29,282
ANJO DA GUARDA,2025-07-30,127
ANJO DA GUARDA,2025-07-31,205
ANJO DA GUARDA,2025-08-01,202
ANJO DA GUARDA,2025-08-04,235
ANJO DA GUARDA,2025-08-05,235
ANJO DA GUARDA,2025-08-06,237
ANJO DA GUARDA,2025-08-07,248
ANJO DA GUARDA,2025-08-08,192
ANJO DA GUARDA,2025-08-11,215
ANJO DA GUARDA,2025-08-12,170
ANJO DA GUARDA,2025-08-13,144
ANJO DA GUARDA,2025-08-14,184
ANJO DA GUARDA,2025-08-15,124
ANJO DA GUARDA,2025-08-18,161
ANJO DA GUARDA,2025-08-19,181
ANJO DA GUARDA,2025-08-20,159
ANJO DA GUARDA,2025-08-21,115
ANJO DA GUARDA,2025-08-22,140
ANJO DA GUARDA,2025-08-25,186
ANJO DA GUARDA,2025-08-26,223
ANJO DA GUARDA,2025-08-27,195
ANJO DA GUARDA,2025-08-28,282
ANJO DA GUARDA,2025-08-29,231
ANJO DA GUARDA,2025-09-01,160
ANJO DA GUARDA,2025-09-02,210
ANJO DA GUARDA,2025-09-03,257
ANJO DA GUARDA,2025-09-04,179
ANJO DA GUARDA,2025-09-05,152
ANJO DA GUARDA,2025-09-09,176
ANJO DA GUARDA,2025-09-10,115
ANJO DA GUARDA,2025-09-11,129
ANJO DA GUARDA,2025-09-12,116
ANJO DA GUARDA,2025-09-15,111
ANJO DA GUARDA,2025-09-16,87
ANJO DA GUARDA,2025-09-17,69
ANJO DA GUARDA,2025-09-18,159
ANJO DA GUARDA,2025-09-19,126
ANJO DA GUARDA,2025-09-22,148
ANJO DA GUARDA,2025-09-23,144
ANJO DA GUARDA,2025-09-24,135
ANJO DA GUARDA,2025-09-25,189
ANJO DA GUARDA,2025-09-26,204
ANJO DA GUARDA,2025-09-29,179
ANJO DA GUARDA,2025-09-30,172
ANJO DA GUARDA,2025-10-01,140
ANJO DA GUARDA,2025-10-02,155
ANJO DA GUARDA,2025-10-03,127
ANJO DA GUARDA,2025-10-06,167
ANJO DA GUARDA,2025-10-07,165
ANJO DA GUARDA,2025-10-08,176
ANJO DA GUARDA,2025-10-09,149
ANJO DA GUARDA,2025-10-10,132
ANJO DA GUARDA,2025-10-13,159
ANJO DA GUARDA,2025-10-14,145
ANJO DA GUARDA,2025-10-15,159
ANJO DA GUARDA,2025-10-16,131
BACABAL,2023-01-02,51
BACABAL,2023-01-03,75
BACABAL,2023-01-04,85
BACABAL,2023-01-05,88
BACABAL,2023-01-06,68
BACABAL,2023-01-09,98
BACABAL,2023-01-10,71
BACABAL,2023-01-11,82
BACABAL,2023-01-12,72
BACABAL,2023-01-13,48
BACABAL,2023-01-16,77
BACABAL,2023-01-17,67
BACABAL,2023-01-18,37
BACABAL,2023-01-19,50
BACABAL,2023-01-20,51
BACABAL,2023-01-23,62
BACABAL,2023-01-24,48
BACABAL,2023-01-25,53
BACABAL,2023-01-26,60
BACABAL,2023-01-27,57
BACABAL,2023-01-30,75
BACABAL,2023-01-31,77
BACABAL,2023-02-01,72
BACABAL,2023-02-02,58
BACABAL,2023-02-03,67
BACABAL,2023-02-06,81
BACABAL,2023-02-07,72
BACABAL,2023-02-08,82
BACABAL,2023-02-09,69
BACABAL,2023-02-10,58
BACABAL,2023-02-13,66
BACABAL,2023-02-14,67
BACABAL,2023-02-15,53
BACABAL,2023-02-16,69
BACABAL,2023-02-17,59
BACABAL,2023-02-22,19
BACABAL,2023-02-23,69
BACABAL,2023-02-24,72
BACABAL,2023-02-27,98
BACABAL,2023-02-28,85
BACABAL,2023-03-01,86
BACABAL,2023-03-02,75
BACABAL,2023-03-03,52
BACABAL,2023-03-06,71
BACABAL,2023-03-07,85
BACABAL,2023-03-08,77
BACABAL,2023-03-09,64
BACABAL,2023-03-10,13
BACABAL,2023-03-13,73
BACABAL,2023-03-14,86
BACABAL,2023-03-15,85
BACABAL,2023-03-16,76
BACABAL,2023-03-17,33
BACABAL,2023-03-20,150
BACABAL,2023-03-21,102
BACABAL,2023-03-22,69
BACABAL,2023-03-23,83
BACABAL,2023-03-24,100
BACABAL,2023-03-27,96
BACABAL,2023-03-28,72
BACABAL,2023-03-29,80
BACABAL,2023-03-30,79
BACABAL,2023-03-31,73
BACABAL,2023-04-03,88
BACABAL,2023-04-04,84
BACABAL,2023-04-05,68
BACABAL,2023-04-06,37
BACABAL,2023-04-10,162
BACABAL,2023-04-11,156
BACABAL,2023-04-12,110
BACABAL,2023-04-13,90
BACABAL,2023-04-14,102
BACABAL,2023-04-18,114
BACABAL,2023-04-19,122
BACABAL,2023-04-20,121
BACABAL,2023-04-24,107
BACABAL,2023-04-25,114
BACABAL,2023-04-26,111
BACABAL,2023-04-27,101
BACABAL,2023-04-28,122
BACABAL,2023-05-02,98
BACABAL,2023-05-03,114
BACABAL,2023-05-04,92
BACABAL,2023-05-05,104
BACABAL,2023-05-08,111
BACABAL,2023-05-09,91
BACABAL,2023-05-10,99
BACABAL,2023-05-11,91
BACABAL,2023-05-12,84
BACABAL,2023-05-15,106
BACABAL,2023-05-16,76
BACABAL,2023-05-17,90
BACABAL,2023-05-18,72
BACABAL,2023-05-19,81
BACABAL,2023-05-22,77
BACABAL,2023-05-23,105
BACABAL,2023-05-24,95
BACABAL,2023-05-25,74
BACABAL,2023-05-26,99
BACABAL,2023-05-29,122
BACABAL,2023-05-30,131
BACABAL,2023-05-31,100
BACABAL,2023-06-01,97
BACABAL,2023-06-02,117
BACABAL,2023-06-05,149
BACABAL,2023-06-06,189
BACABAL,2023-06-07,146
BACABAL,2023-06-08,23
BACABAL,2023-06-09,142
BACABAL,2023-06-12,142
BACABAL,2023-06-13,130
BACABAL,2023-06-14,133
BACABAL,2023-06-15,109
BACABAL,2023-06-16,64
BACABAL,2023-06-19,112
BACABAL,2023-06-20,129
BACABAL,2023-06-21,117
BACABAL,2023-06-22,118
BACABAL,2023-06-23,77
BACABAL,2023-06-26,76
BACABAL,2023-06-27,102
BACABAL,2023-06-28,105
BACABAL,2023-06-30,102
BACABAL,2023-07-03,131
BACABAL,2023-07-04,87
BACABAL,2023-07-05,118
BACABAL,2023-07-06,115
BACABAL,2023-07-07,112
BACABAL,2023-07-10,105
BACABAL,2023-07-11,125
BACABAL,2023-07-12,118
BACABAL,2023-07-13,91
BACABAL,2023-07-14,105
BACABAL,2023-07-17,59
BACABAL,2023-07-18,102
BACABAL,2023-07-19,78
BACABAL,2023-07-20,73
BACABAL,2023-07-21,69
BACABAL,2023-07-24,122
BACABAL,2023-07-25,136
BACABAL,2023-07-26,111
BACABAL,2023-07-27,104
BACABAL,2023-07-29,1
BACABAL,2023-07-31,119
BACABAL,2023-08-01,110
BACABAL,2023-08-02,117
BACABAL,2023-08-03,104
BACABAL,2023-08-04,74
BACABAL,2023-08-07,110
BACABAL,2023-08-08,96
BACABAL,2023-08-09,119
BACABAL,2023-08-10,89
BACABAL,2023-08-11,80
BACABAL,2023-08-14,140
BACABAL,2023-08-15,47
BACABAL,2023-08-16,135
BACABAL,2023-08-17,88
BACABAL,2023-08-18,103
BACABAL,2023-08-21,124
BACABAL,2023-08-22,135
BACABAL,2023-08-23,112
BACABAL,2023-08-24,98
BACABAL,2023-08-25,94
BACABAL,2023-08-28,135
BACABAL,2023-08-29,129
BACABAL,2023-08-30,127
BACABAL,2023-08-31,129
BACABAL,2023-09-01,103
BACABAL,2023-09-04,97
BACABAL,2023-09-05,113
BACABAL,2023-09-06,87
BACABAL,2023-09-08,107
BACABAL,2023-09-11,172
BACABAL,2023-09-12,109
BACABAL,2023-09-13,114
BACABAL,2023-09-14,79
BACABAL,2023-09-15,107
BACABAL,2023-09-16,6
BACABAL,2023-09-18,97
BACABAL,2023-09-19,110
BACABAL,2023-09-20,99
BACABAL,2023-09-21,81
BACABAL,2023-09-22,134
BACABAL,2023-09-25,130
BACABAL,2023-09-26,117
BACABAL,2023-09-27,123
BACABAL,2023-09-28,170
BACABAL,2023-09-29,141
BACABAL,2023-10-02,175
BACABAL,2023-10-03,127
BACABAL,2023-10-04,126
BACABAL,2023-10-05,127
BACABAL,2023-10-06,125
BACABAL,2023-10-09,154
BACABAL,2023-10-10,135
BACABAL,2023-10-11,131
BACABAL,2023-10-13,104
BACABAL,2023-10-16,124
BACABAL,2023-10-17,152
BACABAL,2023-10-18,86
BACABAL,2023-10-19,130
BACABAL,2023-10-20,82
BACABAL,2023-10-23,157
BACABAL,2023-10-24,127
BACABAL,2023-10-25,131
BACABAL,2023-10-26,118
BACABAL,2023-10-27,133
BACABAL,2023-10-30,131
BACABAL,2023-10-31,173
BACABAL,2023-11-03,141
BACABAL,2023-11-06,189
BACABAL,2023-11-07,170
BACABAL,2023-11-08,164
BACABAL,2023-11-09,181
BACABAL,2023-11-10,143
BACABAL,2023-11-13,133
BACABAL,2023-11-14,125
BACABAL,2023-11-16,133
BACABAL,2023-11-17,140
BACABAL,2023-11-20,138
BACABAL,2023-11-21,188
BACABAL,2023-11-22,163
BACABAL,2023-11-23,122
BACABAL,2023-11-24,101
BACABAL,2023-11-27,157
BACABAL,2023-11-28,161
BACABAL,2023-11-29,138
BACABAL,2023-11-30,118
BACABAL,2023-12-01,119
BACABAL,2023-12-04,171
BACABAL,2023-12-05,110
BACABAL,2023-12-06,149
BACABAL,2023-12-07,100
BACABAL,2023-12-08,78
BACABAL,2023-12-11,130
BACABAL,2023-12-12,103
BACABAL,2023-12-13,103
BACABAL,2023-12-14,102
BACABAL,2023-12-15,82
BACABAL,2023-12-18,116
BACABAL,2023-12-19,81
BACABAL,2023-12-20,77
BACABAL,2023-12-21,99
BACABAL,2023-12-22,96
BACABAL,2023-12-26,156
BACABAL,2023-12-27,130
BACABAL,2023-12-28,118
BACABAL,2023-12-29,108
BACABAL,2024-01-02,170
BACABAL,2024-01-03,175
BACABAL,2024-01-04,121
BACABAL,2024-01-05,154
BACABAL,2024-01-08,188
BACABAL,2024-01-09,191
BACABAL,2024-01-10,192
BACABAL,2024-01-11,173
BACABAL,2024-01-12,125
BACABAL,2024-01-15,193
BACABAL,2024-01-16,169
BACABAL,2024-01-17,150
BACABAL,2024-01-18,122
BACABAL,2024-01-19,151
BACABAL,2024-01-22,202
BACABAL,2024-01-23,174
BACABAL,2024-01-24,118
BACABAL,2024-01-25,162
BACABAL,2024-01-26,150
BACABAL,2024-01-29,220
BACABAL,2024-01-30,183
BACABAL,2024-01-31,186
BACABAL,2024-02-01,172
BACABAL,2024-02-02,155
BACABAL,2024-02-05,212
BACABAL,2024-02-06,158
BACABAL,2024-02-07,177
BACABAL,2024-02-08,147
BACABAL,2024-02-09,121
BACABAL,2024-02-14,44
BACABAL,2024-02-15,223
BACABAL,2024-02-16,106
BACABAL,2024-02-19,185
BACABAL,2024-02-20,170
BACABAL,2024-02-21,154
BACABAL,2024-02-22,118
BACABAL,2024-02-23,152
BACABAL,2024-02-26,194
BACABAL,2024-02-27,207
BACABAL,2024-02-28,143
BACABAL,2024-02-29,156
BACABAL,2024-03-01,143
BACABAL,2024-03-04,182
BACABAL,2024-03-05,190
BACABAL,2024-03-06,172
BACABAL,2024-03-07,119
BACABAL,2024-03-08,115
BACABAL,2024-03-11,123
BACABAL,2024-03-12,182
BACABAL,2024-03-13,19
BACABAL,2024-03-14,106
BACABAL,2024-03-15,150
BACABAL,2024-03-18,235
BACABAL,2024-03-19,171
BACABAL,2024-03-20,175
BACABAL,2024-03-21,135
BACABAL,2024-03-22,101
BACABAL,2024-03-25,180
BACABAL,2024-03-26,133
BACABAL,2024-03-27,139
BACABAL,2024-03-28,44
BACABAL,2024-04-01,225
BACABAL,2024-04-02,214
BACABAL,2024-04-03,197
BACABAL,2024-04-04,135
BACABAL,2024-04-05,145
BACABAL,2024-04-08,144
BACABAL,2024-04-09,170
BACABAL,2024-04-10,90
BACABAL,2024-04-11,98
BACABAL,2024-04-12,137
BACABAL,2024-04-15,167
BACABAL,2024-04-16,143
BACABAL,2024-04-18,138
BACABAL,2024-04-19,162
BACABAL,2024-04-22,131
BACABAL,2024-04-23,139
BACABAL,2024-04-24,128
BACABAL,2024-04-25,144
BACABAL,2024-04-26,105
BACABAL,2024-04-29,184
BACABAL,2024-04-30,160
BACABAL,2024-05-02,159
BACABAL,2024-05-03,155
BACABAL,2024-05-04,1
BACABAL,2024-05-06,189
BACABAL,2024-05-07,192
BACABAL,2024-05-08,206
BACABAL,2024-05-09,145
BACABAL,2024-05-10,127
BACABAL,2024-05-13,191
BACABAL,2024-05-14,160
BACABAL,2024-05-15,154
BACABAL,2024-05-16,158
BACABAL,2024-05-17,143
BACABAL,2024-05-20,186
BACABAL,2024-05-21,126
BACABAL,2024-05-22,178
BACABAL,2024-05-23,168
BACABAL,2024-05-24,116
BACABAL,2024-05-27,185
BACABAL,2024-05-28,194
BACABAL,2024-05-29,180
BACABAL,2024-05-31,163
BACABAL,2024-06-03,215
BACABAL,2024-06-04,159
BACABAL,2024-06-05,158
BACABAL,2024-06-06,158
BACABAL,2024-06-07,142
BACABAL,2024-06-10,159
BACABAL,2024-06-11,166
BACABAL,2024-06-12,139
BACABAL,2024-06-13,134
BACABAL,2024-06-14,136
BACABAL,2024-06-17,151
BACABAL,2024-06-18,148
BACABAL,2024-06-19,153
BACABAL,2024-06-20,131
BACABAL,2024-06-21,102
BACABAL,2024-06-24,177
BACABAL,2024-06-25,137
BACABAL,2024-06-26,145
BACABAL,2024-06-27,134
BACABAL,2024-06-28,125
BACABAL,2024-07-01,185
BACABAL,2024-07-02,157
BACABAL,2024-07-03,165
BACABAL,2024-07-04,147
BACABAL,2024-07-05,120
BACABAL,2024-07-08,146
BACABAL,2024-07-09,129
BACABAL,2024-07-10,154
BACABAL,2024-07-11,142
BACABAL,2024-07-12,137
BACABAL,2024-07-15,141
BACABAL,2024-07-16,124
BACABAL,2024-07-17,130
BACABAL,2024-07-18,47
BACABAL,2024-07-19,127
BACABAL,2024-07-22,133
BACABAL,2024-07-23,179
BACABAL,2024-07-24,180
BACABAL,2024-07-25,148
BACABAL,2024-07-26,114
BACABAL,2024-07-29,175
BACABAL,2024-07-30,182
BACABAL,2024-07-31,178
BACABAL,2024-08-01,155
BACABAL,2024-08-02,160
BACABAL,2024-08-05,156
BACABAL,2024-08-06,156
BACABAL,2024-08-07,145
BACABAL,2024-08-08,156
BACABAL,2024-08-09,118
BACABAL,2024-08-12,191
BACABAL,2024-08-13,136
BACABAL,2024-08-14,125
BACABAL,2024-08-15,130
BACABAL,2024-08-16,127
BACABAL,2024-08-19,166
BACABAL,2024-08-20,154
BACABAL,2024-08-21,132
BACABAL,2024-08-22,140
BACABAL,2024-08-23,130
BACABAL,2024-08-26,162
BACABAL,2024-08-27,143
BACABAL,2024-08-28,148
BACABAL,2024-08-29,158
BACABAL,2024-08-30,154
BACABAL,2024-09-02,146
BACABAL,2024-09-03,164
BACABAL,2024-09-04,170
BACABAL,2024-09-05,121
BACABAL,2024-09-06,117
BACABAL,2024-09-09,190
BACABAL,2024-09-10,150
BACABAL,2024-09-11,154
BACABAL,2024-09-12,113
BACABAL,2024-09-13,123
BACABAL,2024-09-16,138
BACABAL,2024-09-17,124
BACABAL,2024-09-18,118
BACABAL,2024-09-19,108
BACABAL,2024-09-20,101
BACABAL,2024-09-23,151
BACABAL,2024-09-24,144
BACABAL,2024-09-25,134
BACABAL,2024-09-26,123
BACABAL,2024-09-27,143
BACABAL,2024-09-30,149
BACABAL,2024-10-02,175
BACABAL,2024-10-03,138
BACABAL,2024-10-04,126
BACABAL,2024-10-07,148
BACABAL,2024-10-08,218
BACABAL,2024-10-09,155
BACABAL,2024-10-10,153
BACABAL,2024-10-11,161
BACABAL,2024-10-14,174
BACABAL,2024-10-15,185
BACABAL,2024-10-16,152
BACABAL,2024-10-17,121
BACABAL,2024-10-18,129
BACABAL,2024-10-21,174
BACABAL,2024-10-22,190
BACABAL,2024-10-23,174
BACABAL,2024-10-24,160
BACABAL,2024-10-25,144
BACABAL,2024-10-28,150
BACABAL,2024-10-29,172
BACABAL,2024-10-30,150
BACABAL,2024-10-31,214
BACABAL,2024-11-04,186
BACABAL,2024-11-05,198
BACABAL,2024-11-06,174
BACABAL,2024-11-07,147
BACABAL,2024-11-08,121
BACABAL,2024-11-11,169
BACABAL,2024-11-12,156
BACABAL,2024-11-13,100
BACABAL,2024-11-14,150
BACABAL,2024-11-18,171
BACABAL,2024-11-19,158
BACABAL,2024-11-21,161
BACABAL,2024-11-22,140
BACABAL,2024-11-25,172
BACABAL,2024-11-26,143
BACABAL,2024-11-27,147
BACABAL,2024-11-28,153
BACABAL,2024-11-29,152
BACABAL,2024-12-02,206
BACABAL,2024-12-03,171
BACABAL,2024-12-04,155
BACABAL,2024-12-05,163
BACABAL,2024-12-06,160
BACABAL,2024-12-09,193
BACABAL,2024-12-10,165
BACABAL,2024-12-11,188
BACABAL,2024-12-12,118
BACABAL,2024-12-13,140
BACABAL,2024-12-16,153
BACABAL,2024-12-17,150
BACABAL,2024-12-18,118
BACABAL,2024-12-19,104
BACABAL,2024-12-20,128
BACABAL,2024-12-23,147
BACABAL,2024-12-24,53
BACABAL,2024-12-26,139
BACABAL,2024-12-27,162
BACABAL,2024-12-30,180
BACABAL,2024-12-31,63
BACABAL,2025-01-02,175
BACABAL,2025-01-03,166
BACABAL,2025-01-06,189
BACABAL,2025-01-07,202
BACABAL,2025-01-08,172
BACABAL,2025-01-09,122
BACABAL,2025-01-10,157
BACABAL,2025-01-13,164
BACABAL,2025-01-14,116
BACABAL,2025-01-15,135
BACABAL,2025-01-16,116
BACABAL,2025-01-17,133
BACABAL,2025-01-20,156
BACABAL,2025-01-21,197
BACABAL,2025-01-22,161
BACABAL,2025-01-23,139
BACABAL,2025-01-24,126
BACABAL,2025-01-27,185
BACABAL,2025-01-28,143
BACABAL,2025-01-29,159
BACABAL,2025-01-30,140
BACABAL,2025-01-31,158
BACABAL,2025-02-03,218
BACABAL,2025-02-04,196
BACABAL,2025-02-05,147
BACABAL,2025-02-06,174
BACABAL,2025-02-07,149
BACABAL,2025-02-10,180
BACABAL,2025-02-11,157
BACABAL,2025-02-12,135
BACABAL,2025-02-13,126
BACABAL,2025-02-14,95
BACABAL,2025-02-17,116
BACABAL,2025-02-18,139
BACABAL,2025-02-19,135
BACABAL,2025-02-20,150
BACABAL,2025-02-21,148
BACABAL,2025-02-24,150
BACABAL,2025-02-25,159
BACABAL,2025-02-26,154
BACABAL,2025-02-27,147
BACABAL,2025-02-28,152
BACABAL,2025-03-05,85
BACABAL,2025-03-06,152
BACABAL,2025-03-07,147
BACABAL,2025-03-10,172
BACABAL,2025-03-11,151
BACABAL,2025-03-12,161
BACABAL,2025-03-13,148
BACABAL,2025-03-14,125
BACABAL,2025-03-17,130
BACABAL,2025-03-18,128
BACABAL,2025-03-19,119
BACABAL,2025-03-20,127
BACABAL,2025-03-21,107
BACABAL,2025-03-24,167
BACABAL,2025-03-25,154
BACABAL,2025-03-26,151
BACABAL,2025-03-27,147
BACABAL,2025-03-28,133
BACABAL,2025-03-31,182
BACABAL,2025-04-01,167
BACABAL,2025-04-02,136
BACABAL,2025-04-03,114
BACABAL,2025-04-04,127
BACABAL,2025-04-07,162
BACABAL,2025-04-08,142
BACABAL,2025-04-09,133
BACABAL,2025-04-10,129
BACABAL,2025-04-11,109
BACABAL,2025-04-14,121
BACABAL,2025-04-15,130
BACABAL,2025-04-16,98
BACABAL,2025-04-22,151
BACABAL,2025-04-23,158
BACABAL,2025-04-24,141
BACABAL,2025-04-25,135
BACABAL,2025-04-28,161
BACABAL,2025-04-29,160
BACABAL,2025-04-30,138
BACABAL,2025-05-02,144
BACABAL,2025-05-05,136
BACABAL,2025-05-06,136
BACABAL,2025-05-07,148
BACABAL,2025-05-08,124
BACABAL,2025-05-09,107
BACABAL,2025-05-12,107
BACABAL,2025-05-13,118
BACABAL,2025-05-14,111
BACABAL,2025-05-15,128
BACABAL,2025-05-16,97
BACABAL,2025-05-19,125
BACABAL,2025-05-20,136
BACABAL,2025-05-21,115
BACABAL,2025-05-22,128
BACABAL,2025-05-23,123
BACABAL,2025-05-26,150
BACABAL,2025-05-27,131
BACABAL,2025-05-28,153
BACABAL,2025-05-29,145
BACABAL,2025-05-30,143
BACABAL,2025-06-02,160
BACABAL,2025-06-03,151
BACABAL,2025-06-04,106
BACABAL,2025-06-05,124
BACABAL,2025-06-06,98
BACABAL,2025-06-09,149
BACABAL,2025-06-10,135
BACABAL,2025-06-11,123
BACABAL,2025-06-12,115
BACABAL,2025-06-13,114
BACABAL,2025-06-16,173
BACABAL,2025-06-17,139
BACABAL,2025-06-18,131
BACABAL,2025-06-20,125
BACABAL,2025-06-23,155
BACABAL,2025-06-24,147
BACABAL,2025-06-25,131
BACABAL,2025-06-26,138
BACABAL,2025-06-27,102
BACABAL,2025-06-30,127
BACABAL,2025-07-01,85
BACABAL,2025-07-02,96
BACABAL,2025-07-03,109
BACABAL,2025-07-04,113
BACABAL,2025-07-07,124
BACABAL,2025-07-08,156
BACABAL,2025-07-09,137
BACABAL,2025-07-10,115
BACABAL,2025-07-11,113
BACABAL,2025-07-14,124
BACABAL,2025-07-15,108
BACABAL,2025-07-16,119
BACABAL,2025-07-17,116
BACABAL,2025-07-18,97
BACABAL,2025-07-21,156
BACABAL,2025-07-22,142
BACABAL,2025-07-23,140
BACABAL,2025-07-24,124
BACABAL,2025-07-25,130
BACABAL,2025-07-29,173
BACABAL,2025-07-30,152
BACABAL,2025-07-31,140
BACABAL,2025-08-01,128
BACABAL,2025-08-04,156
BACABAL,2025-08-05,145
BACABAL,2025-08-06,132
BACABAL,2025-08-07,133
BACABAL,2025-08-08,136
BACABAL,2025-08-11,130
BACABAL,2025-08-12,147
BACABAL,2025-08-13,119
BACABAL,2025-08-14,116
BACABAL,2025-08-15,95
BACABAL,2025-08-18,190
BACABAL,2025-08-19,110
BACABAL,2025-08-20,145
BACABAL,2025-08-21,130
BACABAL,2025-08-22,133
BACABAL,2025-08-25,156
BACABAL,2025-08-26,165
BACABAL,2025-08-27,145
BACABAL,2025-08-28,170
BACABAL,2025-08-29,104
BACABAL,2025-09-01,200
BACABAL,2025-09-02,167
BACABAL,2025-09-03,148
BACABAL,2025-09-04,156
BACABAL,2025-09-05,123
BACABAL,2025-09-08,145
BACABAL,2025-09-09,136
BACABAL,2025-09-10,120
BACABAL,2025-09-11,138
BACABAL,2025-09-12,100
BACABAL,2025-09-15,131
BACABAL,2025-09-16,151
BACABAL,2025-09-17,136
BACABAL,2025-09-18,136
BACABAL,2025-09-19,123
BACABAL,2025-09-22,139
BACABAL,2025-09-23,159
BACABAL,2025-09-24,109
BACABAL,2025-09-25,124
BACABAL,2025-09-26,136
BACABAL,2025-09-29,150
BACABAL,2025-09-30,136
BACABAL,2025-10-02,151
BACABAL,2025-10-03,123
BACABAL,2025-10-06,151
BACABAL,2025-10-07,154
BACABAL,2025-10-08,145
BACABAL,2025-10-09,115
BACABAL,2025-10-10,95
BACABAL,2025-10-13,136
BACABAL,2025-10-14,125
BACABAL,2025-10-15,132
BACABAL,2025-10-16,114
CHAPADINHA,2023-01-02,53
CHAPADINHA,2023-01-03,55
CHAPADINHA,2023-01-04,91
CHAPADINHA,2023-01-05,61
CHAPADINHA,2023-01-06,74
CHAPADINHA,2023-01-09,73
CHAPADINHA,2023-01-10,61
CHAPADINHA,2023-01-11,63
CHAPADINHA,2023-01-12,65
CHAPADINHA,2023-01-13,69
CHAPADINHA,2023-01-16,57
CHAPADINHA,2023-01-17,58
CHAPADINHA,2023-01-18,66
CHAPADINHA,2023-01-19,61
CHAPADINHA,2023-01-20,57
CHAPADINHA,2023-01-23,98
CHAPADINHA,2023-01-24,66
CHAPADINHA,2023-01-25,45
CHAPADINHA,2023-01-26,22
CHAPADINHA,2023-01-27,82
CHAPADINHA,2023-01-30,67
CHAPADINHA,2023-01-31,79
CHAPADINHA,2023-02-01,70
CHAPADINHA,2023-02-02,69
CHAPADINHA,2023-02-03,57
CHAPADINHA,2023-02-06,84
CHAPADINHA,2023-02-07,70
CHAPADINHA,2023-02-08,60
CHAPADINHA,2023-02-09,69
CHAPADINHA,2023-02-10,87
CHAPADINHA,2023-02-13,77
CHAPADINHA,2023-02-14,67
CHAPADINHA,2023-02-15,54
CHAPADINHA,2023-02-16,43
CHAPADINHA,2023-02-17,58
CHAPADINHA,2023-02-22,4
CHAPADINHA,2023-02-23,76
CHAPADINHA,2023-02-24,52
CHAPADINHA,2023-02-27,94
CHAPADINHA,2023-02-28,93
CHAPADINHA,2023-03-01,88
CHAPADINHA,2023-03-02,59
CHAPADINHA,2023-03-03,63
CHAPADINHA,2023-03-06,104
CHAPADINHA,2023-03-07,79
CHAPADINHA,2023-03-08,62
CHAPADINHA,2023-03-09,67
CHAPADINHA,2023-03-10,51
CHAPADINHA,2023-03-13,91
CHAPADINHA,2023-03-14,63
CHAPADINHA,2023-03-15,75
CHAPADINHA,2023-03-16,77
CHAPADINHA,2023-03-17,65
CHAPADINHA,2023-03-20,92
CHAPADINHA,2023-03-21,83
CHAPADINHA,2023-03-22,80
CHAPADINHA,2023-03-23,62
CHAPADINHA,2023-03-24,75
CHAPADINHA,2023-03-27,98
CHAPADINHA,2023-03-28,75
CHAPADINHA,2023-03-30,94
CHAPADINHA,2023-03-31,99
CHAPADINHA,2023-04-03,90
CHAPADINHA,2023-04-04,61
CHAPADINHA,2023-04-05,37
CHAPADINHA,2023-04-06,15
CHAPADINHA,2023-04-10,134
CHAPADINHA,2023-04-11,91
CHAPADINHA,2023-04-12,41
CHAPADINHA,2023-04-13,72
CHAPADINHA,2023-04-14,74
CHAPADINHA,2023-04-17,120
CHAPADINHA,2023-04-18,88
CHAPADINHA,2023-04-19,108
CHAPADINHA,2023-04-20,102
CHAPADINHA,2023-04-24,125
CHAPADINHA,2023-04-25,107
CHAPADINHA,2023-04-26,106
CHAPADINHA,2023-04-27,104
CHAPADINHA,2023-04-28,124
CHAPADINHA,2023-05-02,134
CHAPADINHA,2023-05-03,127
CHAPADINHA,2023-05-04,97
CHAPADINHA,2023-05-05,97
CHAPADINHA,2023-05-08,107
CHAPADINHA,2023-05-09,94
CHAPADINHA,2023-05-10,86
CHAPADINHA,2023-05-11,90
CHAPADINHA,2023-05-12,59
CHAPADINHA,2023-05-15,82
CHAPADINHA,2023-05-16,35
CHAPADINHA,2023-05-17,87
CHAPADINHA,2023-05-18,63
CHAPADINHA,2023-05-19,85
CHAPADINHA,2023-05-22,70
CHAPADINHA,2023-05-23,89
CHAPADINHA,2023-05-24,58
CHAPADINHA,2023-05-25,53
CHAPADINHA,2023-05-26,44
CHAPADINHA,2023-05-29,130
CHAPADINHA,2023-05-30,86
CHAPADINHA,2023-05-31,97
CHAPADINHA,2023-06-01,84
CHAPADINHA,2023-06-02,85
CHAPADINHA,2023-06-05,101
CHAPADINHA,2023-06-06,107
CHAPADINHA,2023-06-07,72
CHAPADINHA,2023-06-09,73
CHAPADINHA,2023-06-12,95
CHAPADINHA,2023-06-13,74
CHAPADINHA,2023-06-14,78
CHAPADINHA,2023-06-15,57
CHAPADINHA,2023-06-16,66
CHAPADINHA,2023-06-19,117
CHAPADINHA,2023-06-20,81
CHAPADINHA,2023-06-21,70
CHAPADINHA,2023-06-22,59
CHAPADINHA,2023-06-23,65
CHAPADINHA,2023-06-26,81
CHAPADINHA,2023-06-27,62
CHAPADINHA,2023-06-28,86
CHAPADINHA,2023-06-29,59
CHAPADINHA,2023-06-30,64
CHAPADINHA,2023-07-03,99
CHAPADINHA,2023-07-04,83
CHAPADINHA,2023-07-05,61
CHAPADINHA,2023-07-06,37
CHAPADINHA,2023-07-07,74
CHAPADINHA,2023-07-10,125
CHAPADINHA,2023-07-11,70
CHAPADINHA,2023-07-12,67
CHAPADINHA,2023-07-13,57
CHAPADINHA,2023-07-14,35
CHAPADINHA,2023-07-17,69
CHAPADINHA,2023-07-18,51
CHAPADINHA,2023-07-19,76
CHAPADINHA,2023-07-20,76
CHAPADINHA,2023-07-21,92
CHAPADINHA,2023-07-24,73
CHAPADINHA,2023-07-25,71
CHAPADINHA,2023-07-26,62
CHAPADINHA,2023-07-27,83
CHAPADINHA,2023-07-31,98
CHAPADINHA,2023-08-01,70
CHAPADINHA,2023-08-02,89
CHAPADINHA,2023-08-03,105
CHAPADINHA,2023-08-04,83
CHAPADINHA,2023-08-07,93
CHAPADINHA,2023-08-08,75
CHAPADINHA,2023-08-09,98
CHAPADINHA,2023-08-10,81
CHAPADINHA,2023-08-11,88
CHAPADINHA,2023-08-14,87
CHAPADINHA,2023-08-15,24
CHAPADINHA,2023-08-16,66
CHAPADINHA,2023-08-17,49
CHAPADINHA,2023-08-18,88
CHAPADINHA,2023-08-21,107
CHAPADINHA,2023-08-22,89
CHAPADINHA,2023-08-23,80
CHAPADINHA,2023-08-24,79
CHAPADINHA,2023-08-25,72
CHAPADINHA,2023-08-28,76
CHAPADINHA,2023-08-29,73
CHAPADINHA,2023-08-30,69
CHAPADINHA,2023-08-31,73
CHAPADINHA,2023-09-01,80
CHAPADINHA,2023-09-04,83
CHAPADINHA,2023-09-05,76
CHAPADINHA,2023-09-06,59
CHAPADINHA,2023-09-08,75
CHAPADINHA,2023-09-11,79
CHAPADINHA,2023-09-12,93
CHAPADINHA,2023-09-13,80
CHAPADINHA,2023-09-14,49
CHAPADINHA,2023-09-18,100
CHAPADINHA,2023-09-19,77
CHAPADINHA,2023-09-20,91
CHAPADINHA,2023-09-21,74
CHAPADINHA,2023-09-22,70
CHAPADINHA,2023-09-25,89
CHAPADINHA,2023-09-26,94
CHAPADINHA,2023-09-27,79
CHAPADINHA,2023-09-28,95
CHAPADINHA,2023-09-29,89
CHAPADINHA,2023-10-02,117
CHAPADINHA,2023-10-03,106
CHAPADINHA,2023-10-04,71
CHAPADINHA,2023-10-05,98
CHAPADINHA,2023-10-06,87
CHAPADINHA,2023-10-09,109
CHAPADINHA,2023-10-10,107
CHAPADINHA,2023-10-11,78
CHAPADINHA,2023-10-13,60
CHAPADINHA,2023-10-16,103
CHAPADINHA,2023-10-17,84
CHAPADINHA,2023-10-18,64
CHAPADINHA,2023-10-19,80
CHAPADINHA,2023-10-20,79
CHAPADINHA,2023-10-23,65
CHAPADINHA,2023-10-24,97
CHAPADINHA,2023-10-25,82
CHAPADINHA,2023-10-26,93
CHAPADINHA,2023-10-27,87
CHAPADINHA,2023-10-30,132
CHAPADINHA,2023-10-31,95
CHAPADINHA,2023-11-01,78
CHAPADINHA,2023-11-03,71
CHAPADINHA,2023-11-06,99
CHAPADINHA,2023-11-07,104
CHAPADINHA,2023-11-08,95
CHAPADINHA,2023-11-09,75
CHAPADINHA,2023-11-10,77
CHAPADINHA,2023-11-13,75
CHAPADINHA,2023-11-14,71
CHAPADINHA,2023-11-16,73
CHAPADINHA,2023-11-17,70
CHAPADINHA,2023-11-20,109
CHAPADINHA,2023-11-21,76
CHAPADINHA,2023-11-22,87
CHAPADINHA,2023-11-23,81
CHAPADINHA,2023-11-24,59
CHAPADINHA,2023-11-27,101
CHAPADINHA,2023-11-28,95
CHAPADINHA,2023-11-29,81
CHAPADINHA,2023-11-30,82
CHAPADINHA,2023-12-01,99
CHAPADINHA,2023-12-04,98
CHAPADINHA,2023-12-05,91
CHAPADINHA,2023-12-06,89
CHAPADINHA,2023-12-07,61
CHAPADINHA,2023-12-08,67
CHAPADINHA,2023-12-11,106
CHAPADINHA,2023-12-12,80
CHAPADINHA,2023-12-13,60
CHAPADINHA,2023-12-14,68
CHAPADINHA,2023-12-15,73
CHAPADINHA,2023-12-19,23
CHAPADINHA,2023-12-20,76
CHAPADINHA,2023-12-21,84
CHAPADINHA,2023-12-22,85
CHAPADINHA,2023-12-26,91
CHAPADINHA,2023-12-27,94
CHAPADINHA,2023-12-28,61
CHAPADINHA,2023-12-29,53
CHAPADINHA,2024-01-02,66
CHAPADINHA,2024-01-03,101
CHAPADINHA,2024-01-04,101
CHAPADINHA,2024-01-05,81
CHAPADINHA,2024-01-08,92
CHAPADINHA,2024-01-09,86
CHAPADINHA,2024-01-10,94
CHAPADINHA,2024-01-11,74
CHAPADINHA,2024-01-12,87
CHAPADINHA,2024-01-15,99
CHAPADINHA,2024-01-16,34
CHAPADINHA,2024-01-17,75
CHAPADINHA,2024-01-18,89
CHAPADINHA,2024-01-19,68
CHAPADINHA,2024-01-22,93
CHAPADINHA,2024-01-23,85
CHAPADINHA,2024-01-24,78
CHAPADINHA,2024-01-25,68
CHAPADINHA,2024-01-26,87
CHAPADINHA,2024-01-29,116
CHAPADINHA,2024-01-30,97
CHAPADINHA,2024-01-31,108
CHAPADINHA,2024-02-01,134
CHAPADINHA,2024-02-02,91
CHAPADINHA,2024-02-05,118
CHAPADINHA,2024-02-06,90
CHAPADINHA,2024-02-07,79
CHAPADINHA,2024-02-08,85
CHAPADINHA,2024-02-09,59
CHAPADINHA,2024-02-14,28
CHAPADINHA,2024-02-15,103
CHAPADINHA,2024-02-16,100
CHAPADINHA,2024-02-19,103
CHAPADINHA,2024-02-20,112
CHAPADINHA,2024-02-21,77
CHAPADINHA,2024-02-22,95
CHAPADINHA,2024-02-23,86
CHAPADINHA,2024-02-26,123
CHAPADINHA,2024-02-27,104
CHAPADINHA,2024-02-28,110
CHAPADINHA,2024-02-29,110
CHAPADINHA,2024-03-01,117
CHAPADINHA,2024-03-04,110
CHAPADINHA,2024-03-05,114
CHAPADINHA,2024-03-06,121
CHAPADINHA,2024-03-07,107
CHAPADINHA,2024-03-08,66
CHAPADINHA,2024-03-11,139
CHAPADINHA,2024-03-12,114
CHAPADINHA,2024-03-13,88
CHAPADINHA,2024-03-14,92
CHAPADINHA,2024-03-15,80
CHAPADINHA,2024-03-18,119
CHAPADINHA,2024-03-19,75
CHAPADINHA,2024-03-20,115
CHAPADINHA,2024-03-21,116
CHAPADINHA,2024-03-22,97
CHAPADINHA,2024-03-25,83
CHAPADINHA,2024-03-26,68
CHAPADINHA,2024-03-27,53
CHAPADINHA,2024-03-28,22
CHAPADINHA,2024-04-01,104
CHAPADINHA,2024-04-02,125
CHAPADINHA,2024-04-03,109
CHAPADINHA,2024-04-04,73
CHAPADINHA,2024-04-05,96
CHAPADINHA,2024-04-08,115
CHAPADINHA,2024-04-09,92
CHAPADINHA,2024-04-10,91
CHAPADINHA,2024-04-11,77
CHAPADINHA,2024-04-12,73
CHAPADINHA,2024-04-15,127
CHAPADINHA,2024-04-16,85
CHAPADINHA,2024-04-17,83
CHAPADINHA,2024-04-18,65
CHAPADINHA,2024-04-19,85
CHAPADINHA,2024-04-22,86
CHAPADINHA,2024-04-23,71
CHAPADINHA,2024-04-24,88
CHAPADINHA,2024-04-25,121
CHAPADINHA,2024-04-26,114
CHAPADINHA,2024-04-29,101
CHAPADINHA,2024-04-30,106
CHAPADINHA,2024-05-02,70
CHAPADINHA,2024-05-03,115
CHAPADINHA,2024-05-06,98
CHAPADINHA,2024-05-07,96
CHAPADINHA,2024-05-08,92
CHAPADINHA,2024-05-09,91
CHAPADINHA,2024-05-10,92
CHAPADINHA,2024-05-13,87
CHAPADINHA,2024-05-14,100
CHAPADINHA,2024-05-15,83
CHAPADINHA,2024-05-16,90
CHAPADINHA,2024-05-17,84
CHAPADINHA,2024-05-20,124
CHAPADINHA,2024-05-21,120
CHAPADINHA,2024-05-22,107
CHAPADINHA,2024-05-23,118
CHAPADINHA,2024-05-24,99
CHAPADINHA,2024-05-27,103
CHAPADINHA,2024-05-28,68
CHAPADINHA,2024-05-29,75
CHAPADINHA,2024-05-31,118
CHAPADINHA,2024-06-03,122
CHAPADINHA,2024-06-04,145
CHAPADINHA,2024-06-05,121
CHAPADINHA,2024-06-06,95
CHAPADINHA,2024-06-07,72
CHAPADINHA,2024-06-10,117
CHAPADINHA,2024-06-11,84
CHAPADINHA,2024-06-12,77
CHAPADINHA,2024-06-13,64
CHAPADINHA,2024-06-14,73
CHAPADINHA,2024-06-17,118
CHAPADINHA,2024-06-18,134
CHAPADINHA,2024-06-19,75
CHAPADINHA,2024-06-20,102
CHAPADINHA,2024-06-21,89
CHAPADINHA,2024-06-22,1
CHAPADINHA,2024-06-24,34
CHAPADINHA,2024-06-25,139
CHAPADINHA,2024-06-26,103
CHAPADINHA,2024-06-27,108
CHAPADINHA,2024-06-28,122
CHAPADINHA,2024-07-01,72
CHAPADINHA,2024-07-02,136
CHAPADINHA,2024-07-03,100
CHAPADINHA,2024-07-04,109
CHAPADINHA,2024-07-05,102
CHAPADINHA,2024-07-08,132
CHAPADINHA,2024-07-09,117
CHAPADINHA,2024-07-10,102
CHAPADINHA,2024-07-11,98
CHAPADINHA,2024-07-12,78
CHAPADINHA,2024-07-15,96
CHAPADINHA,2024-07-16,102
CHAPADINHA,2024-07-17,96
CHAPADINHA,2024-07-18,34
CHAPADINHA,2024-07-19,84
CHAPADINHA,2024-07-22,95
CHAPADINHA,2024-07-23,89
CHAPADINHA,2024-07-24,80
CHAPADINHA,2024-07-25,85
CHAPADINHA,2024-07-26,73
CHAPADINHA,2024-07-29,112
CHAPADINHA,2024-07-30,98
CHAPADINHA,2024-07-31,92
CHAPADINHA,2024-08-01,59
CHAPADINHA,2024-08-02,77
CHAPADINHA,2024-08-05,109
CHAPADINHA,2024-08-06,104
CHAPADINHA,2024-08-07,97
CHAPADINHA,2024-08-08,87
CHAPADINHA,2024-08-09,52
CHAPADINHA,2024-08-12,102
CHAPADINHA,2024-08-13,73
CHAPADINHA,2024-08-14,71
CHAPADINHA,2024-08-15,67
CHAPADINHA,2024-08-16,58
CHAPADINHA,2024-08-19,110
CHAPADINHA,2024-08-20,75
CHAPADINHA,2024-08-21,53
CHAPADINHA,2024-08-22,66
CHAPADINHA,2024-08-23,44
CHAPADINHA,2024-08-26,96
CHAPADINHA,2024-08-27,95
CHAPADINHA,2024-08-28,74
CHAPADINHA,2024-08-29,88
CHAPADINHA,2024-08-30,61
CHAPADINHA,2024-09-02,139
CHAPADINHA,2024-09-03,80
CHAPADINHA,2024-09-04,87
CHAPADINHA,2024-09-05,91
CHAPADINHA,2024-09-06,74
CHAPADINHA,2024-09-09,91
CHAPADINHA,2024-09-10,74
CHAPADINHA,2024-09-11,68
CHAPADINHA,2024-09-12,50
CHAPADINHA,2024-09-13,59
CHAPADINHA,2024-09-16,66
CHAPADINHA,2024-09-17,76
CHAPADINHA,2024-09-18,110
CHAPADINHA,2024-09-19,83
CHAPADINHA,2024-09-20,73
CHAPADINHA,2024-09-23,133
CHAPADINHA,2024-09-24,106
CHAPADINHA,2024-09-25,90
CHAPADINHA,2024-09-26,80
CHAPADINHA,2024-09-27,90
CHAPADINHA,2024-09-30,148
CHAPADINHA,2024-10-01,102
CHAPADINHA,2024-10-02,112
CHAPADINHA,2024-10-03,88
CHAPADINHA,2024-10-04,83
CHAPADINHA,2024-10-07,125
CHAPADINHA,2024-10-08,118
CHAPADINHA,2024-10-09,107
CHAPADINHA,2024-10-10,82
CHAPADINHA,2024-10-11,72
CHAPADINHA,2024-10-14,98
CHAPADINHA,2024-10-15,63
CHAPADINHA,2024-10-16,91
CHAPADINHA,2024-10-17,69
CHAPADINHA,2024-10-18,88
CHAPADINHA,2024-10-21,81
CHAPADINHA,2024-10-22,103
CHAPADINHA,2024-10-23,78
CHAPADINHA,2024-10-24,111
CHAPADINHA,2024-10-25,79
CHAPADINHA,2024-10-28,103
CHAPADINHA,2024-10-29,116
CHAPADINHA,2024-10-30,95
CHAPADINHA,2024-10-31,112
CHAPADINHA,2024-11-01,95
CHAPADINHA,2024-11-04,142
CHAPADINHA,2024-11-05,111
CHAPADINHA,2024-11-06,99
CHAPADINHA,2024-11-07,95
CHAPADINHA,2024-11-08,82
CHAPADINHA,2024-11-11,8
CHAPADINHA,2024-11-12,122
CHAPADINHA,2024-11-13,82
CHAPADINHA,2024-11-14,83
CHAPADINHA,2024-11-18,129
CHAPADINHA,2024-11-19,85
CHAPADINHA,2024-11-21,135
CHAPADINHA,2024-11-22,99
CHAPADINHA,2024-11-25,141
CHAPADINHA,2024-11-26,106
CHAPADINHA,2024-11-27,79
CHAPADINHA,2024-11-28,113
CHAPADINHA,2024-11-29,1
CHAPADINHA,2024-12-02,169
CHAPADINHA,2024-12-03,113
CHAPADINHA,2024-12-04,119
CHAPADINHA,2024-12-05,110
CHAPADINHA,2024-12-06,107
CHAPADINHA,2024-12-09,145
CHAPADINHA,2024-12-10,112
CHAPADINHA,2024-12-11,110
CHAPADINHA,2024-12-12,84
CHAPADINHA,2024-12-13,82
CHAPADINHA,2024-12-16,123
CHAPADINHA,2024-12-17,98
CHAPADINHA,2024-12-18,70
CHAPADINHA,2024-12-19,78
CHAPADINHA,2024-12-20,76
CHAPADINHA,2024-12-23,143
CHAPADINHA,2024-12-24,25
CHAPADINHA,2024-12-26,71
CHAPADINHA,2024-12-27,89
CHAPADINHA,2024-12-30,104
CHAPADINHA,2024-12-31,27
CHAPADINHA,2025-01-02,89
CHAPADINHA,2025-01-03,96
CHAPADINHA,2025-01-06,126
CHAPADINHA,2025-01-07,118
CHAPADINHA,2025-01-08,85
CHAPADINHA,2025-01-09,105
CHAPADINHA,2025-01-10,73
CHAPADINHA,2025-01-13,101
CHAPADINHA,2025-01-14,62
CHAPADINHA,2025-01-15,71
CHAPADINHA,2025-01-16,113
CHAPADINHA,2025-01-17,85
CHAPADINHA,2025-01-20,114
CHAPADINHA,2025-01-21,98
CHAPADINHA,2025-01-22,91
CHAPADINHA,2025-01-23,105
CHAPADINHA,2025-01-24,118
CHAPADINHA,2025-01-27,154
CHAPADINHA,2025-01-28,131
CHAPADINHA,2025-01-29,123
CHAPADINHA,2025-01-30,95
CHAPADINHA,2025-01-31,116
CHAPADINHA,2025-02-03,148
CHAPADINHA,2025-02-04,120
CHAPADINHA,2025-02-05,92
CHAPADINHA,2025-02-06,98
CHAPADINHA,2025-02-07,107
CHAPADINHA,2025-02-10,113
CHAPADINHA,2025-02-11,94
CHAPADINHA,2025-02-12,105
CHAPADINHA,2025-02-13,97
CHAPADINHA,2025-02-14,70
CHAPADINHA,2025-02-17,103
CHAPADINHA,2025-02-18,108
CHAPADINHA,2025-02-19,80
CHAPADINHA,2025-02-20,109
CHAPADINHA,2025-02-21,104
CHAPADINHA,2025-02-25,148
CHAPADINHA,2025-02-26,116
CHAPADINHA,2025-02-27,111
CHAPADINHA,2025-02-28,108
CHAPADINHA,2025-03-05,55
CHAPADINHA,2025-03-06,168
CHAPADINHA,2025-03-07,122
CHAPADINHA,2025-03-10,125
CHAPADINHA,2025-03-11,98
CHAPADINHA,2025-03-12,113
CHAPADINHA,2025-03-13,86
CHAPADINHA,2025-03-14,93
CHAPADINHA,2025-03-17,128
CHAPADINHA,2025-03-18,109
CHAPADINHA,2025-03-19,93
CHAPADINHA,2025-03-20,86
CHAPADINHA,2025-03-21,88
CHAPADINHA,2025-03-24,139
CHAPADINHA,2025-03-25,99
CHAPADINHA,2025-03-26,96
CHAPADINHA,2025-03-27,121
CHAPADINHA,2025-03-28,147
CHAPADINHA,2025-03-31,167
CHAPADINHA,2025-04-01,175
CHAPADINHA,2025-04-02,118
CHAPADINHA,2025-04-03,120
CHAPADINHA,2025-04-04,96
CHAPADINHA,2025-04-07,136
CHAPADINHA,2025-04-08,40
CHAPADINHA,2025-04-09,119
CHAPADINHA,2025-04-10,95
CHAPADINHA,2025-04-11,90
CHAPADINHA,2025-04-14,120
CHAPADINHA,2025-04-15,82
CHAPADINHA,2025-04-16,81
CHAPADINHA,2025-04-17,24
CHAPADINHA,2025-04-22,167
CHAPADINHA,2025-04-23,148
CHAPADINHA,2025-04-24,129
CHAPADINHA,2025-04-25,141
CHAPADINHA,2025-04-28,142
CHAPADINHA,2025-04-29,128
CHAPADINHA,2025-04-30,151
CHAPADINHA,2025-05-02,148
CHAPADINHA,2025-05-03,1
CHAPADINHA,2025-05-05,198
CHAPADINHA,2025-05-06,140
CHAPADINHA,2025-05-07,109
CHAPADINHA,2025-05-08,102
CHAPADINHA,2025-05-09,95
CHAPADINHA,2025-05-12,108
CHAPADINHA,2025-05-13,88
CHAPADINHA,2025-05-14,134
CHAPADINHA,2025-05-15,101
CHAPADINHA,2025-05-16,92
CHAPADINHA,2025-05-19,122
CHAPADINHA,2025-05-20,93
CHAPADINHA,2025-05-21,62
CHAPADINHA,2025-05-22,100
CHAPADINHA,2025-05-23,89
CHAPADINHA,2025-05-26,158
CHAPADINHA,2025-05-27,118
CHAPADINHA,2025-05-28,126
CHAPADINHA,2025-05-29,110
CHAPADINHA,2025-05-30,129
CHAPADINHA,2025-06-02,152
CHAPADINHA,2025-06-03,139
CHAPADINHA,2025-06-04,110
CHAPADINHA,2025-06-05,112
CHAPADINHA,2025-06-06,125
CHAPADINHA,2025-06-09,136
CHAPADINHA,2025-06-10,127
CHAPADINHA,2025-06-11,110
CHAPADINHA,2025-06-12,88
CHAPADINHA,2025-06-13,86
CHAPADINHA,2025-06-16,147
CHAPADINHA,2025-06-17,98
CHAPADINHA,2025-06-18,101
CHAPADINHA,2025-06-20,89
CHAPADINHA,2025-06-21,1
CHAPADINHA,2025-06-23,124
CHAPADINHA,2025-06-25,122
CHAPADINHA,2025-06-26,124
CHAPADINHA,2025-06-27,112
CHAPADINHA,2025-06-30,147
CHAPADINHA,2025-07-01,141
CHAPADINHA,2025-07-02,134
CHAPADINHA,2025-07-03,169
CHAPADINHA,2025-07-04,124
CHAPADINHA,2025-07-07,142
CHAPADINHA,2025-07-08,103
CHAPADINHA,2025-07-09,104
CHAPADINHA,2025-07-10,117
CHAPADINHA,2025-07-11,110
CHAPADINHA,2025-07-14,108
CHAPADINHA,2025-07-15,136
CHAPADINHA,2025-07-16,98
CHAPADINHA,2025-07-17,112
CHAPADINHA,2025-07-18,78
CHAPADINHA,2025-07-21,126
CHAPADINHA,2025-07-22,126
CHAPADINHA,2025-07-23,132
CHAPADINHA,2025-07-24,119
CHAPADINHA,2025-07-25,117
CHAPADINHA,2025-07-29,179
CHAPADINHA,2025-07-30,141
CHAPADINHA,2025-07-31,118
CHAPADINHA,2025-08-01,127
CHAPADINHA,2025-08-04,119
CHAPADINHA,2025-08-05,99
CHAPADINHA,2025-08-06,90
CHAPADINHA,2025-08-07,106
CHAPADINHA,2025-08-08,90
CHAPADINHA,2025-08-11,104
CHAPADINHA,2025-08-12,108
CHAPADINHA,2025-08-13,117
CHAPADINHA,2025-08-14,119
CHAPADINHA,2025-08-15,85
CHAPADINHA,2025-08-18,108
CHAPADINHA,2025-08-19,107
CHAPADINHA,2025-08-20,105
CHAPADINHA,2025-08-21,105
CHAPADINHA,2025-08-22,104
CHAPADINHA,2025-08-25,109
CHAPADINHA,2025-08-26,115
CHAPADINHA,2025-08-27,84
CHAPADINHA,2025-08-28,98
CHAPADINHA,2025-08-29,107
CHAPADINHA,2025-09-01,156
CHAPADINHA,2025-09-02,125
CHAPADINHA,2025-09-03,115
CHAPADINHA,2025-09-04,96
CHAPADINHA,2025-09-05,115
CHAPADINHA,2025-09-08,140
CHAPADINHA,2025-09-09,142
CHAPADINHA,2025-09-10,113
CHAPADINHA,2025-09-11,84
CHAPADINHA,2025-09-12,97
CHAPADINHA,2025-09-16,86
CHAPADINHA,2025-09-17,71
CHAPADINHA,2025-09-18,85
CHAPADINHA,2025-09-19,72
CHAPADINHA,2025-09-22,106
CHAPADINHA,2025-09-23,117
CHAPADINHA,2025-09-24,95
CHAPADINHA,2025-09-25,114
CHAPADINHA,2025-09-26,101
CHAPADINHA,2025-09-29,111
CHAPADINHA,2025-09-30,126
CHAPADINHA,2025-10-01,108
CHAPADINHA,2025-10-02,118
CHAPADINHA,2025-10-03,133
CHAPADINHA,2025-10-06,128
CHAPADINHA,2025-10-07,121
CHAPADINHA,2025-10-08,147
CHAPADINHA,2025-10-09,106
CHAPADINHA,2025-10-10,97
CHAPADINHA,2025-10-13,106
CHAPADINHA,2025-10-14,123
CHAPADINHA,2025-10-15,87
CHAPADINHA,2025-10-16,99
COHAFUMA,2023-01-02,148
COHAFUMA,2023-01-03,138
COHAFUMA,2023-01-04,174
COHAFUMA,2023-01-05,139
COHAFUMA,2023-01-06,135
COHAFUMA,2023-01-09,216
COHAFUMA,2023-01-10,140
COHAFUMA,2023-01-11,221
COHAFUMA,2023-01-12,148
COHAFUMA,2023-01-13,149
COHAFUMA,2023-01-16,156
COHAFUMA,2023-01-17,173
COHAFUMA,2023-01-18,125
COHAFUMA,2023-01-19,136
COHAFUMA,2023-01-20,122
COHAFUMA,2023-01-23,177
COHAFUMA,2023-01-24,154
COHAFUMA,2023-01-25,88
COHAFUMA,2023-01-26,195
COHAFUMA,2023-01-27,168
COHAFUMA,2023-01-30,190
COHAFUMA,2023-01-31,215
COHAFUMA,2023-02-01,219
COHAFUMA,2023-02-02,160
COHAFUMA,2023-02-03,144
COHAFUMA,2023-02-06,246
COHAFUMA,2023-02-07,187
COHAFUMA,2023-02-08,76
COHAFUMA,2023-02-09,83
COHAFUMA,2023-02-10,177
COHAFUMA,2023-02-13,121
COHAFUMA,2023-02-14,156
COHAFUMA,2023-02-15,206
COHAFUMA,2023-02-16,178
COHAFUMA,2023-02-17,176
COHAFUMA,2023-02-22,64
COHAFUMA,2023-02-23,101
COHAFUMA,2023-02-24,154
COHAFUMA,2023-02-27,118
COHAFUMA,2023-02-28,159
COHAFUMA,2023-03-01,191
COHAFUMA,2023-03-02,132
COHAFUMA,2023-03-03,164
COHAFUMA,2023-03-06,190
COHAFUMA,2023-03-07,156
COHAFUMA,2023-03-08,152
COHAFUMA,2023-03-09,136
COHAFUMA,2023-03-10,151
COHAFUMA,2023-03-13,167
COHAFUMA,2023-03-14,160
COHAFUMA,2023-03-15,120
COHAFUMA,2023-03-16,148
COHAFUMA,2023-03-17,158
COHAFUMA,2023-03-20,95
COHAFUMA,2023-03-21,154
COHAFUMA,2023-03-22,159
COHAFUMA,2023-03-23,152
COHAFUMA,2023-03-24,136
COHAFUMA,2023-03-27,152
COHAFUMA,2023-03-28,245
COHAFUMA,2023-03-29,121
COHAFUMA,2023-03-30,306
COHAFUMA,2023-03-31,215
COHAFUMA,2023-04-03,169
COHAFUMA,2023-04-04,151
COHAFUMA,2023-04-05,122
COHAFUMA,2023-04-06,124
COHAFUMA,2023-04-10,161
COHAFUMA,2023-04-11,158
COHAFUMA,2023-04-12,147
COHAFUMA,2023-04-13,143
COHAFUMA,2023-04-14,164
COHAFUMA,2023-04-17,170
COHAFUMA,2023-04-18,160
COHAFUMA,2023-04-19,131
COHAFUMA,2023-04-20,149
COHAFUMA,2023-04-24,172
COHAFUMA,2023-04-25,157
COHAFUMA,2023-04-26,124
COHAFUMA,2023-04-27,41
COHAFUMA,2023-04-28,129
COHAFUMA,2023-05-02,246
COHAFUMA,2023-05-03,211
COHAFUMA,2023-05-04,184
COHAFUMA,2023-05-05,209
COHAFUMA,2023-05-08,192
COHAFUMA,2023-05-09,152
COHAFUMA,2023-05-10,157
COHAFUMA,2023-05-11,172
COHAFUMA,2023-05-12,158
COHAFUMA,2023-05-15,183
COHAFUMA,2023-05-16,194
COHAFUMA,2023-05-17,184
COHAFUMA,2023-05-18,162
COHAFUMA,2023-05-19,156
COHAFUMA,2023-05-22,204
COHAFUMA,2023-05-23,165
COHAFUMA,2023-05-24,163
COHAFUMA,2023-05-25,169
COHAFUMA,2023-05-26,166
COHAFUMA,2023-05-29,180
COHAFUMA,2023-05-30,189
COHAFUMA,2023-05-31,179
COHAFUMA,2023-06-01,179
COHAFUMA,2023-06-02,201
COHAFUMA,2023-06-05,237
COHAFUMA,2023-06-06,216
COHAFUMA,2023-06-07,187
COHAFUMA,2023-06-08,106
COHAFUMA,2023-06-09,199
COHAFUMA,2023-06-12,231
COHAFUMA,2023-06-13,245
COHAFUMA,2023-06-14,208
COHAFUMA,2023-06-15,176
COHAFUMA,2023-06-16,196
COHAFUMA,2023-06-19,217
COHAFUMA,2023-06-20,208
COHAFUMA,2023-06-21,213
COHAFUMA,2023-06-22,240
COHAFUMA,2023-06-23,184
COHAFUMA,2023-06-26,254
COHAFUMA,2023-06-27,231
COHAFUMA,2023-06-28,215
COHAFUMA,2023-06-30,218
COHAFUMA,2023-07-03,274
COHAFUMA,2023-07-04,204
COHAFUMA,2023-07-05,197
COHAFUMA,2023-07-06,148
COHAFUMA,2023-07-07,213
COHAFUMA,2023-07-10,139
COHAFUMA,2023-07-11,220
COHAFUMA,2023-07-12,188
COHAFUMA,2023-07-13,185
COHAFUMA,2023-07-14,158
COHAFUMA,2023-07-17,227
COHAFUMA,2023-07-18,225
COHAFUMA,2023-07-19,274
COHAFUMA,2023-07-20,219
COHAFUMA,2023-07-21,199
COHAFUMA,2023-07-24,216
COHAFUMA,2023-07-25,208
COHAFUMA,2023-07-26,184
COHAFUMA,2023-07-27,210
COHAFUMA,2023-07-31,222
COHAFUMA,2023-08-01,242
COHAFUMA,2023-08-02,229
COHAFUMA,2023-08-03,225
COHAFUMA,2023-08-04,201
COHAFUMA,2023-08-07,183
COHAFUMA,2023-08-08,220
COHAFUMA,2023-08-09,185
COHAFUMA,2023-08-10,128
COHAFUMA,2023-08-11,184
COHAFUMA,2023-08-14,214
COHAFUMA,2023-08-15,115
COHAFUMA,2023-08-16,215
COHAFUMA,2023-08-17,180
COHAFUMA,2023-08-18,145
COHAFUMA,2023-08-21,158
COHAFUMA,2023-08-22,144
COHAFUMA,2023-08-23,154
COHAFUMA,2023-08-24,183
COHAFUMA,2023-08-25,91
COHAFUMA,2023-08-28,188
COHAFUMA,2023-08-29,101
COHAFUMA,2023-08-30,88
COHAFUMA,2023-08-31,153
COHAFUMA,2023-09-01,141
COHAFUMA,2023-09-04,156
COHAFUMA,2023-09-05,215
COHAFUMA,2023-09-06,228
COHAFUMA,2023-09-11,218
COHAFUMA,2023-09-12,183
COHAFUMA,2023-09-13,290
COHAFUMA,2023-09-14,247
COHAFUMA,2023-09-15,206
COHAFUMA,2023-09-18,244
COHAFUMA,2023-09-19,267
COHAFUMA,2023-09-20,226
COHAFUMA,2023-09-21,201
COHAFUMA,2023-09-22,304
COHAFUMA,2023-09-25,251
COHAFUMA,2023-09-26,261
COHAFUMA,2023-09-27,225
COHAFUMA,2023-09-28,264
COHAFUMA,2023-09-29,27
COHAFUMA,2023-10-02,189
COHAFUMA,2023-10-03,239
COHAFUMA,2023-10-04,227
COHAFUMA,2023-10-05,172
COHAFUMA,2023-10-06,256
COHAFUMA,2023-10-09,203
COHAFUMA,2023-10-10,246
COHAFUMA,2023-10-11,201
COHAFUMA,2023-10-13,165
COHAFUMA,2023-10-16,191
COHAFUMA,2023-10-17,222
COHAFUMA,2023-10-18,173
COHAFUMA,2023-10-19,160
COHAFUMA,2023-10-20,153
COHAFUMA,2023-10-23,158
COHAFUMA,2023-10-24,162
COHAFUMA,2023-10-25,177
COHAFUMA,2023-10-26,169
COHAFUMA,2023-10-27,203
COHAFUMA,2023-10-30,162
COHAFUMA,2023-10-31,124
COHAFUMA,2023-11-01,198
COHAFUMA,2023-11-03,184
COHAFUMA,2023-11-06,176
COHAFUMA,2023-11-07,175
COHAFUMA,2023-11-08,160
COHAFUMA,2023-11-09,174
COHAFUMA,2023-11-10,173
COHAFUMA,2023-11-13,124
COHAFUMA,2023-11-14,266
COHAFUMA,2023-11-16,279
COHAFUMA,2023-11-17,208
COHAFUMA,2023-11-20,297
COHAFUMA,2023-11-21,319
COHAFUMA,2023-11-22,209
COHAFUMA,2023-11-23,220
COHAFUMA,2023-11-24,309
COHAFUMA,2023-11-27,95
COHAFUMA,2023-11-28,75
COHAFUMA,2023-11-29,56
COHAFUMA,2023-11-30,33
COHAFUMA,2023-12-01,74
COHAFUMA,2023-12-04,189
COHAFUMA,2023-12-05,218
COHAFUMA,2023-12-06,154
COHAFUMA,2023-12-07,71
COHAFUMA,2023-12-11,247
COHAFUMA,2023-12-12,257
COHAFUMA,2023-12-13,260
COHAFUMA,2023-12-14,301
COHAFUMA,2023-12-15,289
COHAFUMA,2023-12-18,330
COHAFUMA,2023-12-19,267
COHAFUMA,2023-12-20,279
COHAFUMA,2023-12-21,306
COHAFUMA,2023-12-22,234
COHAFUMA,2023-12-26,198
COHAFUMA,2023-12-27,360
COHAFUMA,2023-12-28,319
COHAFUMA,2023-12-29,255
COHAFUMA,2024-01-02,284
COHAFUMA,2024-01-03,249
COHAFUMA,2024-01-04,251
COHAFUMA,2024-01-05,239
COHAFUMA,2024-01-08,276
COHAFUMA,2024-01-09,232
COHAFUMA,2024-01-10,163
COHAFUMA,2024-01-11,240
COHAFUMA,2024-01-12,226
COHAFUMA,2024-01-15,205
COHAFUMA,2024-01-16,300
COHAFUMA,2024-01-17,257
COHAFUMA,2024-01-18,200
COHAFUMA,2024-01-19,212
COHAFUMA,2024-01-22,285
COHAFUMA,2024-01-23,281
COHAFUMA,2024-01-24,355
COHAFUMA,2024-01-25,251
COHAFUMA,2024-01-26,260
COHAFUMA,2024-01-29,298
COHAFUMA,2024-01-30,202
COHAFUMA,2024-01-31,403
COHAFUMA,2024-02-01,350
COHAFUMA,2024-02-02,181
COHAFUMA,2024-02-05,297
COHAFUMA,2024-02-06,243
COHAFUMA,2024-02-07,233
COHAFUMA,2024-02-08,94
COHAFUMA,2024-02-09,260
COHAFUMA,2024-02-14,143
COHAFUMA,2024-02-15,297
COHAFUMA,2024-02-16,326
COHAFUMA,2024-02-19,311
COHAFUMA,2024-02-20,271
COHAFUMA,2024-02-21,172
COHAFUMA,2024-02-22,193
COHAFUMA,2024-02-23,209
COHAFUMA,2024-02-26,239
COHAFUMA,2024-02-27,277
COHAFUMA,2024-02-28,195
COHAFUMA,2024-02-29,225
COHAFUMA,2024-03-01,177
COHAFUMA,2024-03-04,163
COHAFUMA,2024-03-05,198
COHAFUMA,2024-03-06,179
COHAFUMA,2024-03-07,152
COHAFUMA,2024-03-08,148
COHAFUMA,2024-03-11,194
COHAFUMA,2024-03-12,194
COHAFUMA,2024-03-13,174
COHAFUMA,2024-03-14,142
COHAFUMA,2024-03-15,152
COHAFUMA,2024-03-18,185
COHAFUMA,2024-03-19,176
COHAFUMA,2024-03-20,198
COHAFUMA,2024-03-21,120
COHAFUMA,2024-03-22,159
COHAFUMA,2024-03-25,172
COHAFUMA,2024-03-26,172
COHAFUMA,2024-03-27,197
COHAFUMA,2024-03-28,244
COHAFUMA,2024-04-01,249
COHAFUMA,2024-04-02,133
COHAFUMA,2024-04-03,177
COHAFUMA,2024-04-04,215
COHAFUMA,2024-04-05,148
COHAFUMA,2024-04-08,161
COHAFUMA,2024-04-09,211
COHAFUMA,2024-04-10,216
COHAFUMA,2024-04-11,169
COHAFUMA,2024-04-12,211
COHAFUMA,2024-04-15,172
COHAFUMA,2024-04-16,234
COHAFUMA,2024-04-17,170
COHAFUMA,2024-04-18,158
COHAFUMA,2024-04-19,120
COHAFUMA,2024-04-22,219
COHAFUMA,2024-04-23,197
COHAFUMA,2024-04-24,137
COHAFUMA,2024-04-25,153
COHAFUMA,2024-04-26,201
COHAFUMA,2024-04-29,261
COHAFUMA,2024-04-30,149
COHAFUMA,2024-05-02,213
COHAFUMA,2024-05-03,187
COHAFUMA,2024-05-06,224
COHAFUMA,2024-05-07,232
COHAFUMA,2024-05-08,236
COHAFUMA,2024-05-09,204
COHAFUMA,2024-05-10,189
COHAFUMA,2024-05-13,107
COHAFUMA,2024-05-14,248
COHAFUMA,2024-05-15,230
COHAFUMA,2024-05-16,218
COHAFUMA,2024-05-17,230
COHAFUMA,2024-05-20,195
COHAFUMA,2024-05-21,218
COHAFUMA,2024-05-22,246
COHAFUMA,2024-05-23,194
COHAFUMA,2024-05-24,142
COHAFUMA,2024-05-27,179
COHAFUMA,2024-05-28,217
COHAFUMA,2024-05-29,188
COHAFUMA,2024-06-03,4
COHAFUMA,2024-06-04,151
COHAFUMA,2024-06-05,315
COHAFUMA,2024-06-06,244
COHAFUMA,2024-06-07,198
COHAFUMA,2024-06-10,246
COHAFUMA,2024-06-11,205
COHAFUMA,2024-06-12,235
COHAFUMA,2024-06-13,172
COHAFUMA,2024-06-14,155
COHAFUMA,2024-06-17,139
COHAFUMA,2024-06-18,182
COHAFUMA,2024-06-19,212
COHAFUMA,2024-06-20,212
COHAFUMA,2024-06-21,161
COHAFUMA,2024-06-24,211
COHAFUMA,2024-06-25,206
COHAFUMA,2024-06-26,189
COHAFUMA,2024-06-27,246
COHAFUMA,2024-06-28,156
COHAFUMA,2024-07-01,194
COHAFUMA,2024-07-02,205
COHAFUMA,2024-07-03,125
COHAFUMA,2024-07-04,203
COHAFUMA,2024-07-05,152
COHAFUMA,2024-07-08,173
COHAFUMA,2024-07-09,187
COHAFUMA,2024-07-10,172
COHAFUMA,2024-07-11,222
COHAFUMA,2024-07-12,195
COHAFUMA,2024-07-15,206
COHAFUMA,2024-07-16,216
COHAFUMA,2024-07-17,220
COHAFUMA,2024-07-18,26
COHAFUMA,2024-07-19,266
COHAFUMA,2024-07-22,158
COHAFUMA,2024-07-23,289
COHAFUMA,2024-07-24,287
COHAFUMA,2024-07-25,360
COHAFUMA,2024-07-26,554
COHAFUMA,2024-07-29,462
COHAFUMA,2024-07-30,371
COHAFUMA,2024-07-31,324
COHAFUMA,2024-08-01,360
COHAFUMA,2024-08-02,397
COHAFUMA,2024-08-05,415
COHAFUMA,2024-08-06,332
COHAFUMA,2024-08-07,345
COHAFUMA,2024-08-08,381
COHAFUMA,2024-08-09,389
COHAFUMA,2024-08-12,379
COHAFUMA,2024-08-13,394
COHAFUMA,2024-08-14,291
COHAFUMA,2024-08-15,307
COHAFUMA,2024-08-16,267
COHAFUMA,2024-08-19,355
COHAFUMA,2024-08-20,339
COHAFUMA,2024-08-21,328
COHAFUMA,2024-08-22,468
COHAFUMA,2024-08-23,325
COHAFUMA,2024-08-26,293
COHAFUMA,2024-08-27,281
COHAFUMA,2024-08-28,290
COHAFUMA,2024-08-29,247
COHAFUMA,2024-08-30,282
COHAFUMA,2024-09-02,396
COHAFUMA,2024-09-03,420
COHAFUMA,2024-09-04,421
COHAFUMA,2024-09-05,353
COHAFUMA,2024-09-06,338
COHAFUMA,2024-09-09,439
COHAFUMA,2024-09-10,456
COHAFUMA,2024-09-11,449
COHAFUMA,2024-09-12,275
COHAFUMA,2024-09-13,269
COHAFUMA,2024-09-16,317
COHAFUMA,2024-09-17,451
COHAFUMA,2024-09-18,279
COHAFUMA,2024-09-19,333
COHAFUMA,2024-09-20,323
COHAFUMA,2024-09-23,388
COHAFUMA,2024-09-24,423
COHAFUMA,2024-09-25,414
COHAFUMA,2024-09-26,421
COHAFUMA,2024-09-27,529
COHAFUMA,2024-09-30,388
COHAFUMA,2024-10-01,387
COHAFUMA,2024-10-02,340
COHAFUMA,2024-10-03,311
COHAFUMA,2024-10-04,289
COHAFUMA,2024-10-07,327
COHAFUMA,2024-10-08,382
COHAFUMA,2024-10-09,409
COHAFUMA,2024-10-10,503
COHAFUMA,2024-10-11,390
COHAFUMA,2024-10-14,431
COHAFUMA,2024-10-15,473
COHAFUMA,2024-10-16,413
COHAFUMA,2024-10-17,463
COHAFUMA,2024-10-18,421
COHAFUMA,2024-10-21,442
COHAFUMA,2024-10-22,349
COHAFUMA,2024-10-23,349
COHAFUMA,2024-10-24,311
COHAFUMA,2024-10-25,245
COHAFUMA,2024-10-28,306
COHAFUMA,2024-10-29,283
COHAFUMA,2024-10-30,255
COHAFUMA,2024-10-31,342
COHAFUMA,2024-11-01,191
COHAFUMA,2024-11-04,166
COHAFUMA,2024-11-05,190
COHAFUMA,2024-11-06,148
COHAFUMA,2024-11-07,251
COHAFUMA,2024-11-08,222
COHAFUMA,2024-11-11,260
COHAFUMA,2024-11-12,294
COHAFUMA,2024-11-13,231
COHAFUMA,2024-11-14,328
COHAFUMA,2024-11-18,369
COHAFUMA,2024-11-19,304
COHAFUMA,2024-11-21,377
COHAFUMA,2024-11-22,271
COHAFUMA,2024-11-25,391
COHAFUMA,2024-11-26,302
COHAFUMA,2024-11-27,309
COHAFUMA,2024-11-28,276
COHAFUMA,2024-11-29,253
COHAFUMA,2024-12-02,313
COHAFUMA,2024-12-03,229
COHAFUMA,2024-12-04,232
COHAFUMA,2024-12-05,291
COHAFUMA,2024-12-06,242
COHAFUMA,2024-12-09,296
COHAFUMA,2024-12-10,362
COHAFUMA,2024-12-11,324
COHAFUMA,2024-12-12,252
COHAFUMA,2024-12-13,301
COHAFUMA,2024-12-16,319
COHAFUMA,2024-12-17,298
COHAFUMA,2024-12-18,299
COHAFUMA,2024-12-19,318
COHAFUMA,2024-12-20,441
COHAFUMA,2024-12-23,363
COHAFUMA,2024-12-24,64
COHAFUMA,2024-12-26,138
COHAFUMA,2024-12-27,246
COHAFUMA,2024-12-30,246
COHAFUMA,2024-12-31,53
COHAFUMA,2025-01-02,284
COHAFUMA,2025-01-03,314
COHAFUMA,2025-01-06,275
COHAFUMA,2025-01-07,256
COHAFUMA,2025-01-08,251
COHAFUMA,2025-01-09,204
COHAFUMA,2025-01-10,183
COHAFUMA,2025-01-13,276
COHAFUMA,2025-01-14,172
COHAFUMA,2025-01-15,169
COHAFUMA,2025-01-16,153
COHAFUMA,2025-01-17,201
COHAFUMA,2025-01-20,265
COHAFUMA,2025-01-21,292
COHAFUMA,2025-01-22,253
COHAFUMA,2025-01-23,213
COHAFUMA,2025-01-24,213
COHAFUMA,2025-01-27,280
COHAFUMA,2025-01-28,271
COHAFUMA,2025-01-29,285
COHAFUMA,2025-01-30,328
COHAFUMA,2025-01-31,183
COHAFUMA,2025-02-03,310
COHAFUMA,2025-02-04,243
COHAFUMA,2025-02-05,238
COHAFUMA,2025-02-06,269
COHAFUMA,2025-02-07,280
COHAFUMA,2025-02-10,311
COHAFUMA,2025-02-11,277
COHAFUMA,2025-02-12,300
COHAFUMA,2025-02-13,282
COHAFUMA,2025-02-14,265
COHAFUMA,2025-02-17,283
COHAFUMA,2025-02-18,250
COHAFUMA,2025-02-19,245
COHAFUMA,2025-02-20,259
COHAFUMA,2025-02-21,230
COHAFUMA,2025-02-24,267
COHAFUMA,2025-02-25,210
COHAFUMA,2025-02-26,185
COHAFUMA,2025-02-27,202
COHAFUMA,2025-02-28,238
COHAFUMA,2025-03-05,141
COHAFUMA,2025-03-06,269
COHAFUMA,2025-03-07,259
COHAFUMA,2025-03-10,300
COHAFUMA,2025-03-11,313
COHAFUMA,2025-03-12,265
COHAFUMA,2025-03-13,305
COHAFUMA,2025-03-14,275
COHAFUMA,2025-03-17,309
COHAFUMA,2025-03-18,288
COHAFUMA,2025-03-19,279
COHAFUMA,2025-03-20,248
COHAFUMA,2025-03-21,318
COHAFUMA,2025-03-24,324
COHAFUMA,2025-03-25,301
COHAFUMA,2025-03-26,365
COHAFUMA,2025-03-27,260
COHAFUMA,2025-03-28,206
COHAFUMA,2025-03-31,151
COHAFUMA,2025-04-01,234
COHAFUMA,2025-04-02,201
COHAFUMA,2025-04-03,224
COHAFUMA,2025-04-04,315
COHAFUMA,2025-04-07,257
COHAFUMA,2025-04-08,262
COHAFUMA,2025-04-09,246
COHAFUMA,2025-04-10,198
COHAFUMA,2025-04-11,202
COHAFUMA,2025-04-14,219
COHAFUMA,2025-04-15,208
COHAFUMA,2025-04-16,210
COHAFUMA,2025-04-17,164
COHAFUMA,2025-04-22,254
COHAFUMA,2025-04-23,262
COHAFUMA,2025-04-24,189
COHAFUMA,2025-04-25,219
COHAFUMA,2025-04-28,258
COHAFUMA,2025-04-29,294
COHAFUMA,2025-04-30,243
COHAFUMA,2025-05-02,336
COHAFUMA,2025-05-05,269
COHAFUMA,2025-05-06,211
COHAFUMA,2025-05-07,171
COHAFUMA,2025-05-08,201
COHAFUMA,2025-05-09,174
COHAFUMA,2025-05-12,228
COHAFUMA,2025-05-13,232
COHAFUMA,2025-05-14,233
COHAFUMA,2025-05-15,215
COHAFUMA,2025-05-16,180
COHAFUMA,2025-05-19,193
COHAFUMA,2025-05-20,182
COHAFUMA,2025-05-21,234
COHAFUMA,2025-05-22,208
COHAFUMA,2025-05-23,205
COHAFUMA,2025-05-26,283
COHAFUMA,2025-05-27,227
COHAFUMA,2025-05-28,202
COHAFUMA,2025-05-29,178
COHAFUMA,2025-05-30,196
COHAFUMA,2025-06-02,323
COHAFUMA,2025-06-03,362
COHAFUMA,2025-06-04,302
COHAFUMA,2025-06-05,276
COHAFUMA,2025-06-06,327
COHAFUMA,2025-06-09,187
COHAFUMA,2025-06-10,331
COHAFUMA,2025-06-11,244
COHAFUMA,2025-06-12,209
COHAFUMA,2025-06-13,296
COHAFUMA,2025-06-16,266
COHAFUMA,2025-06-17,263
COHAFUMA,2025-06-18,282
COHAFUMA,2025-06-20,359
COHAFUMA,2025-06-23,279
COHAFUMA,2025-06-24,252
COHAFUMA,2025-06-25,256
COHAFUMA,2025-06-26,213
COHAFUMA,2025-06-27,232
COHAFUMA,2025-06-30,231
COHAFUMA,2025-07-01,248
COHAFUMA,2025-07-02,206
COHAFUMA,2025-07-03,188
COHAFUMA,2025-07-04,223
COHAFUMA,2025-07-07,238
COHAFUMA,2025-07-08,220
COHAFUMA,2025-07-09,290
COHAFUMA,2025-07-10,186
COHAFUMA,2025-07-11,216
COHAFUMA,2025-07-14,203
COHAFUMA,2025-07-15,279
COHAFUMA,2025-07-16,289
COHAFUMA,2025-07-17,245
COHAFUMA,2025-07-18,269
COHAFUMA,2025-07-21,258
COHAFUMA,2025-07-22,264
COHAFUMA,2025-07-23,297
COHAFUMA,2025-07-24,391
COHAFUMA,2025-07-25,241
COHAFUMA,2025-07-29,282
COHAFUMA,2025-07-30,316
COHAFUMA,2025-07-31,235
COHAFUMA,2025-08-01,338
COHAFUMA,2025-08-04,341
COHAFUMA,2025-08-05,241
COHAFUMA,2025-08-06,194
COHAFUMA,2025-08-07,204
COHAFUMA,2025-08-08,229
COHAFUMA,2025-08-11,271
COHAFUMA,2025-08-12,214
COHAFUMA,2025-08-13,208
COHAFUMA,2025-08-14,217
COHAFUMA,2025-08-15,239
COHAFUMA,2025-08-18,205
COHAFUMA,2025-08-19,242
COHAFUMA,2025-08-20,187
COHAFUMA,2025-08-21,190
COHAFUMA,2025-08-22,219
COHAFUMA,2025-08-25,255
COHAFUMA,2025-08-26,261
COHAFUMA,2025-08-27,243
COHAFUMA,2025-08-28,209
COHAFUMA,2025-08-29,223
COHAFUMA,2025-09-01,271
COHAFUMA,2025-09-02,220
COHAFUMA,2025-09-03,209
COHAFUMA,2025-09-04,238
COHAFUMA,2025-09-05,242
COHAFUMA,2025-09-09,207
COHAFUMA,2025-09-10,266
COHAFUMA,2025-09-11,227
COHAFUMA,2025-09-12,213
COHAFUMA,2025-09-15,283
COHAFUMA,2025-09-16,247
COHAFUMA,2025-09-17,292
COHAFUMA,2025-09-18,314
COHAFUMA,2025-09-19,288
COHAFUMA,2025-09-22,252
COHAFUMA,2025-09-23,253
COHAFUMA,2025-09-24,253
COHAFUMA,2025-09-25,277
COHAFUMA,2025-09-26,191
COHAFUMA,2025-09-29,293
COHAFUMA,2025-09-30,276
COHAFUMA,2025-10-01,262
COHAFUMA,2025-10-02,286
COHAFUMA,2025-10-03,257
COHAFUMA,2025-10-06,273
COHAFUMA,2025-10-07,297
COHAFUMA,2025-10-08,238
COHAFUMA,2025-10-09,238
COHAFUMA,2025-10-10,212
COHAFUMA,2025-10-13,237
COHAFUMA,2025-10-14,321
COHAFUMA,2025-10-15,311
COHAFUMA,2025-10-16,213
IMPERATRIZ,2023-01-02,287
IMPERATRIZ,2023-01-03,341
IMPERATRIZ,2023-01-04,307
IMPERATRIZ,2023-01-05,277
IMPERATRIZ,2023-01-06,351
IMPERATRIZ,2023-01-09,311
IMPERATRIZ,2023-01-10,386
IMPERATRIZ,2023-01-11,350
IMPERATRIZ,2023-01-12,325
IMPERATRIZ,2023-01-13,258
IMPERATRIZ,2023-01-16,343
IMPERATRIZ,2023-01-17,326
IMPERATRIZ,2023-01-18,255
IMPERATRIZ,2023-01-19,307
IMPERATRIZ,2023-01-20,275
IMPERATRIZ,2023-01-23,293
IMPERATRIZ,2023-01-24,262
IMPERATRIZ,2023-01-25,323
IMPERATRIZ,2023-01-26,300
IMPERATRIZ,2023-01-27,275
IMPERATRIZ,2023-01-30,347
IMPERATRIZ,2023-01-31,376
IMPERATRIZ,2023-02-01,269
IMPERATRIZ,2023-02-02,308
IMPERATRIZ,2023-02-03,338
IMPERATRIZ,2023-02-06,346
IMPERATRIZ,2023-02-07,360
IMPERATRIZ,2023-02-08,329
IMPERATRIZ,2023-02-09,403
IMPERATRIZ,2023-02-10,404
IMPERATRIZ,2023-02-13,498
IMPERATRIZ,2023-02-14,340
IMPERATRIZ,2023-02-15,373
IMPERATRIZ,2023-02-16,368
IMPERATRIZ,2023-02-17,388
IMPERATRIZ,2023-02-22,177
IMPERATRIZ,2023-02-23,438
IMPERATRIZ,2023-02-24,398
IMPERATRIZ,2023-02-27,525
IMPERATRIZ,2023-02-28,419
IMPERATRIZ,2023-03-01,335
IMPERATRIZ,2023-03-02,487
IMPERATRIZ,2023-03-03,349
IMPERATRIZ,2023-03-06,382
IMPERATRIZ,2023-03-07,470
IMPERATRIZ,2023-03-08,385
IMPERATRIZ,2023-03-09,324
IMPERATRIZ,2023-03-10,319
IMPERATRIZ,2023-03-13,389
IMPERATRIZ,2023-03-14,327
IMPERATRIZ,2023-03-15,289
IMPERATRIZ,2023-03-16,304
IMPERATRIZ,2023-03-17,308
IMPERATRIZ,2023-03-20,300
IMPERATRIZ,2023-03-21,365
IMPERATRIZ,2023-03-22,284
IMPERATRIZ,2023-03-23,330
IMPERATRIZ,2023-03-24,303
IMPERATRIZ,2023-03-27,351
IMPERATRIZ,2023-03-28,330
IMPERATRIZ,2023-03-29,271
IMPERATRIZ,2023-03-30,178
IMPERATRIZ,2023-03-31,383
IMPERATRIZ,2023-04-03,331
IMPERATRIZ,2023-04-04,369
IMPERATRIZ,2023-04-05,309
IMPERATRIZ,2023-04-06,244
IMPERATRIZ,2023-04-10,455
IMPERATRIZ,2023-04-11,427
IMPERATRIZ,2023-04-12,302
IMPERATRIZ,2023-04-13,366
IMPERATRIZ,2023-04-14,314
IMPERATRIZ,2023-04-17,377
IMPERATRIZ,2023-04-18,385
IMPERATRIZ,2023-04-19,278
IMPERATRIZ,2023-04-20,300
IMPERATRIZ,2023-04-24,317
IMPERATRIZ,2023-04-25,380
IMPERATRIZ,2023-04-26,262
IMPERATRIZ,2023-04-27,320
IMPERATRIZ,2023-04-28,275
IMPERATRIZ,2023-05-02,293
IMPERATRIZ,2023-05-03,375
IMPERATRIZ,2023-05-04,372
IMPERATRIZ,2023-05-05,347
IMPERATRIZ,2023-05-08,341
IMPERATRIZ,2023-05-09,386
IMPERATRIZ,2023-05-10,266
IMPERATRIZ,2023-05-11,295
IMPERATRIZ,2023-05-12,274
IMPERATRIZ,2023-05-15,299
IMPERATRIZ,2023-05-16,423
IMPERATRIZ,2023-05-17,258
IMPERATRIZ,2023-05-18,371
IMPERATRIZ,2023-05-19,294
IMPERATRIZ,2023-05-22,387
IMPERATRIZ,2023-05-23,309
IMPERATRIZ,2023-05-24,249
IMPERATRIZ,2023-05-25,325
IMPERATRIZ,2023-05-26,258
IMPERATRIZ,2023-05-29,336
IMPERATRIZ,2023-05-30,349
IMPERATRIZ,2023-05-31,266
IMPERATRIZ,2023-06-01,360
IMPERATRIZ,2023-06-02,264
IMPERATRIZ,2023-06-05,337
IMPERATRIZ,2023-06-06,340
IMPERATRIZ,2023-06-07,279
IMPERATRIZ,2023-06-09,370
IMPERATRIZ,2023-06-12,334
IMPERATRIZ,2023-06-13,362
IMPERATRIZ,2023-06-14,307
IMPERATRIZ,2023-06-15,297
IMPERATRIZ,2023-06-16,302
IMPERATRIZ,2023-06-19,318
IMPERATRIZ,2023-06-20,292
IMPERATRIZ,2023-06-21,334
IMPERATRIZ,2023-06-22,293
IMPERATRIZ,2023-06-23,298
IMPERATRIZ,2023-06-26,375
IMPERATRIZ,2023-06-27,342
IMPERATRIZ,2023-06-28,340
IMPERATRIZ,2023-06-29,280
IMPERATRIZ,2023-06-30,286
IMPERATRIZ,2023-07-03,402
IMPERATRIZ,2023-07-04,365
IMPERATRIZ,2023-07-05,303
IMPERATRIZ,2023-07-06,321
IMPERATRIZ,2023-07-07,265
IMPERATRIZ,2023-07-10,402
IMPERATRIZ,2023-07-11,420
IMPERATRIZ,2023-07-12,298
IMPERATRIZ,2023-07-13,338
IMPERATRIZ,2023-07-14,310
IMPERATRIZ,2023-07-17,256
IMPERATRIZ,2023-07-18,387
IMPERATRIZ,2023-07-19,220
IMPERATRIZ,2023-07-20,299
IMPERATRIZ,2023-07-21,247
IMPERATRIZ,2023-07-24,329
IMPERATRIZ,2023-07-25,316
IMPERATRIZ,2023-07-26,200
IMPERATRIZ,2023-07-27,367
IMPERATRIZ,2023-07-31,233
IMPERATRIZ,2023-08-01,389
IMPERATRIZ,2023-08-02,148
IMPERATRIZ,2023-08-03,277
IMPERATRIZ,2023-08-04,331
IMPERATRIZ,2023-08-07,326
IMPERATRIZ,2023-08-08,294
IMPERATRIZ,2023-08-09,254
IMPERATRIZ,2023-08-10,420
IMPERATRIZ,2023-08-11,278
IMPERATRIZ,2023-08-14,322
IMPERATRIZ,2023-08-15,163
IMPERATRIZ,2023-08-16,313
IMPERATRIZ,2023-08-17,389
IMPERATRIZ,2023-08-18,283
IMPERATRIZ,2023-08-21,253
IMPERATRIZ,2023-08-22,448
IMPERATRIZ,2023-08-23,310
IMPERATRIZ,2023-08-24,285
IMPERATRIZ,2023-08-25,288
IMPERATRIZ,2023-08-28,339
IMPERATRIZ,2023-08-29,354
IMPERATRIZ,2023-08-30,352
IMPERATRIZ,2023-08-31,298
IMPERATRIZ,2023-09-01,271
IMPERATRIZ,2023-09-04,386
IMPERATRIZ,2023-09-05,332
IMPERATRIZ,2023-09-06,203
IMPERATRIZ,2023-09-08,310
IMPERATRIZ,2023-09-11,228
IMPERATRIZ,2023-09-12,506
IMPERATRIZ,2023-09-13,235
IMPERATRIZ,2023-09-14,269
IMPERATRIZ,2023-09-15,380
IMPERATRIZ,2023-09-18,227
IMPERATRIZ,2023-09-19,385
IMPERATRIZ,2023-09-20,212
IMPERATRIZ,2023-09-21,427
IMPERATRIZ,2023-09-22,270
IMPERATRIZ,2023-09-25,207
IMPERATRIZ,2023-09-26,307
IMPERATRIZ,2023-09-27,222
IMPERATRIZ,2023-09-28,214
IMPERATRIZ,2023-09-29,453
IMPERATRIZ,2023-10-02,191
IMPERATRIZ,2023-10-03,221
IMPERATRIZ,2023-10-04,238
IMPERATRIZ,2023-10-05,464
IMPERATRIZ,2023-10-06,253
IMPERATRIZ,2023-10-09,195
IMPERATRIZ,2023-10-10,345
IMPERATRIZ,2023-10-11,207
IMPERATRIZ,2023-10-13,351
IMPERATRIZ,2023-10-16,141
IMPERATRIZ,2023-10-17,215
IMPERATRIZ,2023-10-18,447
IMPERATRIZ,2023-10-19,234
IMPERATRIZ,2023-10-20,430
IMPERATRIZ,2023-10-23,208
IMPERATRIZ,2023-10-24,435
IMPERATRIZ,2023-10-25,217
IMPERATRIZ,2023-10-26,218
IMPERATRIZ,2023-10-27,332
IMPERATRIZ,2023-10-30,230
IMPERATRIZ,2023-10-31,441
IMPERATRIZ,2023-11-01,279
IMPERATRIZ,2023-11-03,401
IMPERATRIZ,2023-11-06,319
IMPERATRIZ,2023-11-07,252
IMPERATRIZ,2023-11-08,380
IMPERATRIZ,2023-11-09,377
IMPERATRIZ,2023-11-10,257
IMPERATRIZ,2023-11-13,222
IMPERATRIZ,2023-11-14,291
IMPERATRIZ,2023-11-16,378
IMPERATRIZ,2023-11-17,272
IMPERATRIZ,2023-11-20,215
IMPERATRIZ,2023-11-21,489
IMPERATRIZ,2023-11-22,208
IMPERATRIZ,2023-11-23,279
IMPERATRIZ,2023-11-24,280
IMPERATRIZ,2023-11-27,292
IMPERATRIZ,2023-11-28,238
IMPERATRIZ,2023-11-29,218
IMPERATRIZ,2023-11-30,449
IMPERATRIZ,2023-12-01,291
IMPERATRIZ,2023-12-04,194
IMPERATRIZ,2023-12-05,243
IMPERATRIZ,2023-12-06,176
IMPERATRIZ,2023-12-07,602
IMPERATRIZ,2023-12-08,295
IMPERATRIZ,2023-12-11,201
IMPERATRIZ,2023-12-12,191
IMPERATRIZ,2023-12-13,238
IMPERATRIZ,2023-12-14,453
IMPERATRIZ,2023-12-15,280
IMPERATRIZ,2023-12-18,178
IMPERATRIZ,2023-12-19,280
IMPERATRIZ,2023-12-20,270
IMPERATRIZ,2023-12-21,323
IMPERATRIZ,2023-12-22,314
IMPERATRIZ,2023-12-26,153
IMPERATRIZ,2023-12-27,380
IMPERATRIZ,2023-12-28,229
IMPERATRIZ,2023-12-29,230
IMPERATRIZ,2024-01-02,147
IMPERATRIZ,2024-01-03,203
IMPERATRIZ,2024-01-04,347
IMPERATRIZ,2024-01-05,410
IMPERATRIZ,2024-01-08,348
IMPERATRIZ,2024-01-09,435
IMPERATRIZ,2024-01-10,312
IMPERATRIZ,2024-01-11,254
IMPERATRIZ,2024-01-12,316
IMPERATRIZ,2024-01-15,229
IMPERATRIZ,2024-01-16,412
IMPERATRIZ,2024-01-17,266
IMPERATRIZ,2024-01-18,381
IMPERATRIZ,2024-01-19,347
IMPERATRIZ,2024-01-22,199
IMPERATRIZ,2024-01-23,315
IMPERATRIZ,2024-01-24,291
IMPERATRIZ,2024-01-25,255
IMPERATRIZ,2024-01-26,238
IMPERATRIZ,2024-01-29,192
IMPERATRIZ,2024-01-30,404
IMPERATRIZ,2024-01-31,402
IMPERATRIZ,2024-02-01,201
IMPERATRIZ,2024-02-02,335
IMPERATRIZ,2024-02-05,200
IMPERATRIZ,2024-02-06,158
IMPERATRIZ,2024-02-07,270
IMPERATRIZ,2024-02-08,132
IMPERATRIZ,2024-02-09,362
IMPERATRIZ,2024-02-14,155
IMPERATRIZ,2024-02-15,201
IMPERATRIZ,2024-02-16,306
IMPERATRIZ,2024-02-19,274
IMPERATRIZ,2024-02-20,345
IMPERATRIZ,2024-02-21,228
IMPERATRIZ,2024-02-22,399
IMPERATRIZ,2024-02-23,373
IMPERATRIZ,2024-02-26,430
IMPERATRIZ,2024-02-27,425
IMPERATRIZ,2024-02-28,340
IMPERATRIZ,2024-02-29,228
IMPERATRIZ,2024-03-01,169
IMPERATRIZ,2024-03-04,430
IMPERATRIZ,2024-03-05,435
IMPERATRIZ,2024-03-06,160
IMPERATRIZ,2024-03-07,182
IMPERATRIZ,2024-03-08,533
IMPERATRIZ,2024-03-11,351
IMPERATRIZ,2024-03-12,366
IMPERATRIZ,2024-03-13,210
IMPERATRIZ,2024-03-14,288
IMPERATRIZ,2024-03-15,267
IMPERATRIZ,2024-03-18,257
IMPERATRIZ,2024-03-19,161
IMPERATRIZ,2024-03-20,187
IMPERATRIZ,2024-03-21,201
IMPERATRIZ,2024-03-22,765
IMPERATRIZ,2024-03-25,219
IMPERATRIZ,2024-03-26,379
IMPERATRIZ,2024-03-27,330
IMPERATRIZ,2024-03-28,428
IMPERATRIZ,2024-04-01,310
IMPERATRIZ,2024-04-02,313
IMPERATRIZ,2024-04-03,332
IMPERATRIZ,2024-04-04,280
IMPERATRIZ,2024-04-05,290
IMPERATRIZ,2024-04-08,176
IMPERATRIZ,2024-04-09,212
IMPERATRIZ,2024-04-10,313
IMPERATRIZ,2024-04-11,197
IMPERATRIZ,2024-04-12,467
IMPERATRIZ,2024-04-15,227
IMPERATRIZ,2024-04-16,213
IMPERATRIZ,2024-04-17,215
IMPERATRIZ,2024-04-18,352
IMPERATRIZ,2024-04-19,214
IMPERATRIZ,2024-04-22,135
IMPERATRIZ,2024-04-23,266
IMPERATRIZ,2024-04-24,159
IMPERATRIZ,2024-04-25,281
IMPERATRIZ,2024-04-26,235
IMPERATRIZ,2024-04-29,328
IMPERATRIZ,2024-04-30,184
IMPERATRIZ,2024-05-02,228
IMPERATRIZ,2024-05-03,212
IMPERATRIZ,2024-05-06,256
IMPERATRIZ,2024-05-07,276
IMPERATRIZ,2024-05-08,189
IMPERATRIZ,2024-05-09,437
IMPERATRIZ,2024-05-10,292
IMPERATRIZ,2024-05-13,228
IMPERATRIZ,2024-05-14,256
IMPERATRIZ,2024-05-15,140
IMPERATRIZ,2024-05-16,287
IMPERATRIZ,2024-05-17,134
IMPERATRIZ,2024-05-20,172
IMPERATRIZ,2024-05-21,251
IMPERATRIZ,2024-05-22,168
IMPERATRIZ,2024-05-23,167
IMPERATRIZ,2024-05-24,282
IMPERATRIZ,2024-05-27,355
IMPERATRIZ,2024-05-28,358
IMPERATRIZ,2024-05-29,384
IMPERATRIZ,2024-05-31,429
IMPERATRIZ,2024-06-03,168
IMPERATRIZ,2024-06-04,285
IMPERATRIZ,2024-06-05,159
IMPERATRIZ,2024-06-06,317
IMPERATRIZ,2024-06-07,226
IMPERATRIZ,2024-06-10,180
IMPERATRIZ,2024-06-11,459
IMPERATRIZ,2024-06-12,130
IMPERATRIZ,2024-06-13,583
IMPERATRIZ,2024-06-14,462
IMPERATRIZ,2024-06-17,286
IMPERATRIZ,2024-06-18,177
IMPERATRIZ,2024-06-19,348
IMPERATRIZ,2024-06-20,349
IMPERATRIZ,2024-06-21,308
IMPERATRIZ,2024-06-24,177
IMPERATRIZ,2024-06-25,409
IMPERATRIZ,2024-06-26,288
IMPERATRIZ,2024-06-27,319
IMPERATRIZ,2024-06-28,223
IMPERATRIZ,2024-07-01,194
IMPERATRIZ,2024-07-02,281
IMPERATRIZ,2024-07-03,328
IMPERATRIZ,2024-07-04,179
IMPERATRIZ,2024-07-05,420
IMPERATRIZ,2024-07-08,174
IMPERATRIZ,2024-07-09,187
IMPERATRIZ,2024-07-10,169
IMPERATRIZ,2024-07-11,246
IMPERATRIZ,2024-07-12,240
IMPERATRIZ,2024-07-15,161
IMPERATRIZ,2024-07-17,218
IMPERATRIZ,2024-07-18,104
IMPERATRIZ,2024-07-19,216
IMPERATRIZ,2024-07-22,218
IMPERATRIZ,2024-07-23,233
IMPERATRIZ,2024-07-24,199
IMPERATRIZ,2024-07-25,464
IMPERATRIZ,2024-07-26,378
IMPERATRIZ,2024-07-29,275
IMPERATRIZ,2024-07-30,367
IMPERATRIZ,2024-07-31,518
IMPERATRIZ,2024-08-01,278
IMPERATRIZ,2024-08-02,226
IMPERATRIZ,2024-08-05,210
IMPERATRIZ,2024-08-06,368
IMPERATRIZ,2024-08-07,338
IMPERATRIZ,2024-08-08,269
IMPERATRIZ,2024-08-09,246
IMPERATRIZ,2024-08-12,383
IMPERATRIZ,2024-08-13,225
IMPERATRIZ,2024-08-14,325
IMPERATRIZ,2024-08-15,328
IMPERATRIZ,2024-08-16,342
IMPERATRIZ,2024-08-19,255
IMPERATRIZ,2024-08-20,298
IMPERATRIZ,2024-08-21,292
IMPERATRIZ,2024-08-22,407
IMPERATRIZ,2024-08-23,232
IMPERATRIZ,2024-08-26,229
IMPERATRIZ,2024-08-27,354
IMPERATRIZ,2024-08-28,224
IMPERATRIZ,2024-08-29,179
IMPERATRIZ,2024-08-30,243
IMPERATRIZ,2024-09-02,187
IMPERATRIZ,2024-09-03,353
IMPERATRIZ,2024-09-04,265
IMPERATRIZ,2024-09-05,193
IMPERATRIZ,2024-09-06,197
IMPERATRIZ,2024-09-09,195
IMPERATRIZ,2024-09-10,232
IMPERATRIZ,2024-09-11,287
IMPERATRIZ,2024-09-12,248
IMPERATRIZ,2024-09-13,316
IMPERATRIZ,2024-09-16,197
IMPERATRIZ,2024-09-17,165
IMPERATRIZ,2024-09-18,224
IMPERATRIZ,2024-09-19,258
IMPERATRIZ,2024-09-20,284
IMPERATRIZ,2024-09-23,172
IMPERATRIZ,2024-09-24,177
IMPERATRIZ,2024-09-25,323
IMPERATRIZ,2024-09-26,338
IMPERATRIZ,2024-09-27,246
IMPERATRIZ,2024-09-30,406
IMPERATRIZ,2024-10-01,492
IMPERATRIZ,2024-10-02,289
IMPERATRIZ,2024-10-03,514
IMPERATRIZ,2024-10-04,426
IMPERATRIZ,2024-10-07,219
IMPERATRIZ,2024-10-08,266
IMPERATRIZ,2024-10-09,498
IMPERATRIZ,2024-10-10,550
IMPERATRIZ,2024-10-11,364
IMPERATRIZ,2024-10-14,262
IMPERATRIZ,2024-10-16,209
IMPERATRIZ,2024-10-17,378
IMPERATRIZ,2024-10-18,293
IMPERATRIZ,2024-10-21,412
IMPERATRIZ,2024-10-22,256
IMPERATRIZ,2024-10-23,224
IMPERATRIZ,2024-10-24,470
IMPERATRIZ,2024-10-25,271
IMPERATRIZ,2024-10-28,509
IMPERATRIZ,2024-10-29,340
IMPERATRIZ,2024-10-30,264
IMPERATRIZ,2024-10-31,565
IMPERATRIZ,2024-11-01,292
IMPERATRIZ,2024-11-04,300
IMPERATRIZ,2024-11-05,324
IMPERATRIZ,2024-11-06,400
IMPERATRIZ,2024-11-07,276
IMPERATRIZ,2024-11-08,479
IMPERATRIZ,2024-11-11,326
IMPERATRIZ,2024-11-12,328
IMPERATRIZ,2024-11-13,326
IMPERATRIZ,2024-11-14,295
IMPERATRIZ,2024-11-18,355
IMPERATRIZ,2024-11-19,357
IMPERATRIZ,2024-11-21,499
IMPERATRIZ,2024-11-22,387
IMPERATRIZ,2024-11-25,266
IMPERATRIZ,2024-11-26,434
IMPERATRIZ,2024-11-27,557
IMPERATRIZ,2024-11-28,378
IMPERATRIZ,2024-11-29,312
IMPERATRIZ,2024-12-02,399
IMPERATRIZ,2024-12-03,414
IMPERATRIZ,2024-12-04,333
IMPERATRIZ,2024-12-05,480
IMPERATRIZ,2024-12-06,299
IMPERATRIZ,2024-12-09,256
IMPERATRIZ,2024-12-10,507
IMPERATRIZ,2024-12-11,369
IMPERATRIZ,2024-12-12,254
IMPERATRIZ,2024-12-13,358
IMPERATRIZ,2024-12-16,368
IMPERATRIZ,2024-12-17,329
IMPERATRIZ,2024-12-18,265
IMPERATRIZ,2024-12-19,403
IMPERATRIZ,2024-12-20,335
IMPERATRIZ,2024-12-23,290
IMPERATRIZ,2024-12-24,52
IMPERATRIZ,2024-12-26,189
IMPERATRIZ,2024-12-27,453
IMPERATRIZ,2024-12-30,234
IMPERATRIZ,2024-12-31,245
IMPERATRIZ,2025-01-02,124
IMPERATRIZ,2025-01-03,240
IMPERATRIZ,2025-01-06,231
IMPERATRIZ,2025-01-07,473
IMPERATRIZ,2025-01-08,449
IMPERATRIZ,2025-01-09,278
IMPERATRIZ,2025-01-10,490
IMPERATRIZ,2025-01-13,140
IMPERATRIZ,2025-01-14,334
IMPERATRIZ,2025-01-15,267
IMPERATRIZ,2025-01-16,444
IMPERATRIZ,2025-01-17,383
IMPERATRIZ,2025-01-20,273
IMPERATRIZ,2025-01-21,437
IMPERATRIZ,2025-01-22,287
IMPERATRIZ,2025-01-23,335
IMPERATRIZ,2025-01-24,322
IMPERATRIZ,2025-01-27,244
IMPERATRIZ,2025-01-28,409
IMPERATRIZ,2025-01-29,436
IMPERATRIZ,2025-01-30,274
IMPERATRIZ,2025-01-31,275
IMPERATRIZ,2025-02-03,456
IMPERATRIZ,2025-02-04,318
IMPERATRIZ,2025-02-05,276
IMPERATRIZ,2025-02-06,317
IMPERATRIZ,2025-02-07,373
IMPERATRIZ,2025-02-10,262
IMPERATRIZ,2025-02-11,207
IMPERATRIZ,2025-02-12,275
IMPERATRIZ,2025-02-13,195
IMPERATRIZ,2025-02-14,217
IMPERATRIZ,2025-02-17,153
IMPERATRIZ,2025-02-18,222
IMPERATRIZ,2025-02-19,353
IMPERATRIZ,2025-02-20,305
IMPERATRIZ,2025-02-21,274
IMPERATRIZ,2025-02-24,294
IMPERATRIZ,2025-02-25,280
IMPERATRIZ,2025-02-26,277
IMPERATRIZ,2025-02-27,225
IMPERATRIZ,2025-02-28,196
IMPERATRIZ,2025-03-05,95
IMPERATRIZ,2025-03-06,247
IMPERATRIZ,2025-03-07,284
IMPERATRIZ,2025-03-10,282
IMPERATRIZ,2025-03-11,253
IMPERATRIZ,2025-03-12,334
IMPERATRIZ,2025-03-13,186
IMPERATRIZ,2025-03-14,355
IMPERATRIZ,2025-03-17,261
IMPERATRIZ,2025-03-18,317
IMPERATRIZ,2025-03-19,222
IMPERATRIZ,2025-03-20,186
IMPERATRIZ,2025-03-21,229
IMPERATRIZ,2025-03-24,243
IMPERATRIZ,2025-03-25,373
IMPERATRIZ,2025-03-26,220
IMPERATRIZ,2025-03-27,189
IMPERATRIZ,2025-03-28,347
IMPERATRIZ,2025-03-31,201
IMPERATRIZ,2025-04-01,279
IMPERATRIZ,2025-04-02,337
IMPERATRIZ,2025-04-03,292
IMPERATRIZ,2025-04-04,198
IMPERATRIZ,2025-04-07,270
IMPERATRIZ,2025-04-08,244
IMPERATRIZ,2025-04-09,283
IMPERATRIZ,2025-04-10,331
IMPERATRIZ,2025-04-11,243
IMPERATRIZ,2025-04-14,259
IMPERATRIZ,2025-04-15,211
IMPERATRIZ,2025-04-16,196
IMPERATRIZ,2025-04-17,203
IMPERATRIZ,2025-04-22,267
IMPERATRIZ,2025-04-23,321
IMPERATRIZ,2025-04-24,233
IMPERATRIZ,2025-04-25,299
IMPERATRIZ,2025-04-28,228
IMPERATRIZ,2025-04-29,183
IMPERATRIZ,2025-04-30,243
IMPERATRIZ,2025-05-02,388
IMPERATRIZ,2025-05-05,270
IMPERATRIZ,2025-05-06,238
IMPERATRIZ,2025-05-07,243
IMPERATRIZ,2025-05-08,458
IMPERATRIZ,2025-05-09,198
IMPERATRIZ,2025-05-12,358
IMPERATRIZ,2025-05-13,245
IMPERATRIZ,2025-05-14,311
IMPERATRIZ,2025-05-15,193
IMPERATRIZ,2025-05-16,265
IMPERATRIZ,2025-05-19,265
IMPERATRIZ,2025-05-20,303
IMPERATRIZ,2025-05-21,199
IMPERATRIZ,2025-05-22,313
IMPERATRIZ,2025-05-23,212
IMPERATRIZ,2025-05-26,248
IMPERATRIZ,2025-05-27,279
IMPERATRIZ,2025-05-28,235
IMPERATRIZ,2025-05-29,565
IMPERATRIZ,2025-05-30,357
IMPERATRIZ,2025-06-02,352
IMPERATRIZ,2025-06-03,277
IMPERATRIZ,2025-06-04,261
IMPERATRIZ,2025-06-05,235
IMPERATRIZ,2025-06-06,222
IMPERATRIZ,2025-06-09,305
IMPERATRIZ,2025-06-10,212
IMPERATRIZ,2025-06-11,254
IMPERATRIZ,2025-06-12,309
IMPERATRIZ,2025-06-13,37
IMPERATRIZ,2025-06-16,260
IMPERATRIZ,2025-06-17,225
IMPERATRIZ,2025-06-18,371
IMPERATRIZ,2025-06-20,270
IMPERATRIZ,2025-06-21,1
IMPERATRIZ,2025-06-23,236
IMPERATRIZ,2025-06-24,318
IMPERATRIZ,2025-06-25,345
IMPERATRIZ,2025-06-26,244
IMPERATRIZ,2025-06-27,186
IMPERATRIZ,2025-06-30,287
IMPERATRIZ,2025-07-01,352
IMPERATRIZ,2025-07-02,367
IMPERATRIZ,2025-07-03,348
IMPERATRIZ,2025-07-04,284
IMPERATRIZ,2025-07-07,338
IMPERATRIZ,2025-07-08,309
IMPERATRIZ,2025-07-09,188
IMPERATRIZ,2025-07-10,365
IMPERATRIZ,2025-07-11,293
IMPERATRIZ,2025-07-14,312
IMPERATRIZ,2025-07-15,287
IMPERATRIZ,2025-07-17,310
IMPERATRIZ,2025-07-18,299
IMPERATRIZ,2025-07-21,380
IMPERATRIZ,2025-07-22,304
IMPERATRIZ,2025-07-23,300
IMPERATRIZ,2025-07-24,358
IMPERATRIZ,2025-07-25,286
IMPERATRIZ,2025-07-29,309
IMPERATRIZ,2025-07-30,241
IMPERATRIZ,2025-07-31,314
IMPERATRIZ,2025-08-01,285
IMPERATRIZ,2025-08-04,365
IMPERATRIZ,2025-08-05,346
IMPERATRIZ,2025-08-06,280
IMPERATRIZ,2025-08-07,345
IMPERATRIZ,2025-08-08,267
IMPERATRIZ,2025-08-11,371
IMPERATRIZ,2025-08-12,272
IMPERATRIZ,2025-08-13,275
IMPERATRIZ,2025-08-14,216
IMPERATRIZ,2025-08-15,231
IMPERATRIZ,2025-08-18,264
IMPERATRIZ,2025-08-19,295
IMPERATRIZ,2025-08-20,168
IMPERATRIZ,2025-08-21,269
IMPERATRIZ,2025-08-22,230
IMPERATRIZ,2025-08-25,277
IMPERATRIZ,2025-08-26,241
IMPERATRIZ,2025-08-27,380
IMPERATRIZ,2025-08-28,286
IMPERATRIZ,2025-08-29,339
IMPERATRIZ,2025-09-01,292
IMPERATRIZ,2025-09-02,326
IMPERATRIZ,2025-09-03,240
IMPERATRIZ,2025-09-04,210
IMPERATRIZ,2025-09-05,189
IMPERATRIZ,2025-09-08,249
IMPERATRIZ,2025-09-09,278
IMPERATRIZ,2025-09-10,217
IMPERATRIZ,2025-09-11,279
IMPERATRIZ,2025-09-12,223
IMPERATRIZ,2025-09-15,221
IMPERATRIZ,2025-09-16,313
IMPERATRIZ,2025-09-17,214
IMPERATRIZ,2025-09-18,349
IMPERATRIZ,2025-09-19,222
IMPERATRIZ,2025-09-22,227
IMPERATRIZ,2025-09-23,239
IMPERATRIZ,2025-09-24,222
IMPERATRIZ,2025-09-25,334
IMPERATRIZ,2025-09-26,201
IMPERATRIZ,2025-09-29,212
IMPERATRIZ,2025-09-30,278
IMPERATRIZ,2025-10-01,262
IMPERATRIZ,2025-10-02,372
IMPERATRIZ,2025-10-03,245
IMPERATRIZ,2025-10-06,244
IMPERATRIZ,2025-10-07,410
IMPERATRIZ,2025-10-08,372
IMPERATRIZ,2025-10-09,269
IMPERATRIZ,2025-10-10,202
IMPERATRIZ,2025-10-13,241
IMPERATRIZ,2025-10-14,337
IMPERATRIZ,2025-10-16,246
